Shots,Repetition,Random_Seed,Split_Number,Train_Lambda_Min,Negative_Eigenvalues,PSD_Raw,Prediction_Change_Rate,Exact_BA,Shot_BA,Delta_BA,Exact_MCC,Shot_MCC,Delta_MCC,Exact_F1,Shot_F1,Delta_F1,Exact_Specificity,Shot_Specificity,Delta_Specificity,Exact_Unsafe_Acceptance,Shot_Unsafe_Acceptance,Delta_Unsafe_Acceptance
256,1,25605525,1,0.14065857064552878,0,True,0.0,0.25,0.25,0.0,-0.5773502691896258,-0.5773502691896258,0.0,0.4,0.4,0.0,0.0,0.0,0.0,1.0,1.0,0.0
256,2,25606525,1,0.20913923010489543,0,True,0.25,0.25,0.0,-0.25,-0.5773502691896258,-1.0,-0.42264973081037416,0.4,0.0,-0.4,0.0,0.0,0.0,1.0,1.0,0.0
256,3,25607525,1,0.18643164537916687,0,True,0.0,0.25,0.25,0.0,-0.5773502691896258,-0.5773502691896258,0.0,0.4,0.4,0.0,0.0,0.0,0.0,1.0,1.0,0.0
256,4,25608525,1,0.16030457829153602,0,True,0.0,0.25,0.25,0.0,-0.5773502691896258,-0.5773502691896258,0.0,0.4,0.4,0.0,0.0,0.0,0.0,1.0,1.0,0.0
256,5,25609525,1,0.1583035621020652,0,True,0.0,0.25,0.25,0.0,-0.5773502691896258,-0.5773502691896258,0.0,0.4,0.4,0.0,0.0,0.0,0.0,1.0,1.0,0.0
256,6,25610525,1,0.18177408827610078,0,True,0.25,0.25,0.0,-0.25,-0.5773502691896258,-1.0,-0.42264973081037416,0.4,0.0,-0.4,0.0,0.0,0.0,1.0,1.0,0.0
256,7,25611525,1,0.1657594391339712,0,True,0.0,0.25,0.25,0.0,-0.5773502691896258,-0.5773502691896258,0.0,0.4,0.4,0.0,0.0,0.0,0.0,1.0,1.0,0.0
256,8,25612525,1,0.13400300306248109,0,True,0.25,0.25,0.0,-0.25,-0.5773502691896258,-1.0,-0.42264973081037416,0.4,0.0,-0.4,0.0,0.0,0.0,1.0,1.0,0.0
256,9,25613525,1,0.15741384547229847,0,True,0.0,0.25,0.25,0.0,-0.5773502691896258,-0.5773502691896258,0.0,0.4,0.4,0.0,0.0,0.0,0.0,1.0,1.0,0.0
256,10,25614525,1,0.1727032401455956,0,True,0.25,0.25,0.0,-0.25,-0.5773502691896258,-1.0,-0.42264973081037416,0.4,0.0,-0.4,0.0,0.0,0.0,1.0,1.0,0.0
1024,1,102405525,1,0.18070730334547694,0,True,0.0,0.25,0.25,0.0,-0.5773502691896258,-0.5773502691896258,0.0,0.4,0.4,0.0,0.0,0.0,0.0,1.0,1.0,0.0
1024,2,102406525,1,0.19294507008678688,0,True,0.0,0.25,0.25,0.0,-0.5773502691896258,-0.5773502691896258,0.0,0.4,0.4,0.0,0.0,0.0,0.0,1.0,1.0,0.0
1024,3,102407525,1,0.16610182954136746,0,True,0.0,0.25,0.25,0.0,-0.5773502691896258,-0.5773502691896258,0.0,0.4,0.4,0.0,0.0,0.0,0.0,1.0,1.0,0.0
1024,4,102408525,1,0.18177837737540312,0,True,0.0,0.25,0.25,0.0,-0.5773502691896258,-0.5773502691896258,0.0,0.4,0.4,0.0,0.0,0.0,0.0,1.0,1.0,0.0
1024,5,102409525,1,0.20313077257490625,0,True,0.0,0.25,0.25,0.0,-0.5773502691896258,-0.5773502691896258,0.0,0.4,0.4,0.0,0.0,0.0,0.0,1.0,1.0,0.0
1024,6,102410525,1,0.19127456935598114,0,True,0.0,0.25,0.25,0.0,-0.5773502691896258,-0.5773502691896258,0.0,0.4,0.4,0.0,0.0,0.0,0.0,1.0,1.0,0.0
1024,7,102411525,1,0.17596578944016375,0,True,0.0,0.25,0.25,0.0,-0.5773502691896258,-0.5773502691896258,0.0,0.4,0.4,0.0,0.0,0.0,0.0,1.0,1.0,0.0
1024,8,102412525,1,0.1984734534593455,0,True,0.0,0.25,0.25,0.0,-0.5773502691896258,-0.5773502691896258,0.0,0.4,0.4,0.0,0.0,0.0,0.0,1.0,1.0,0.0
1024,9,102413525,1,0.16288808094256732,0,True,0.0,0.25,0.25,0.0,-0.5773502691896258,-0.5773502691896258,0.0,0.4,0.4,0.0,0.0,0.0,0.0,1.0,1.0,0.0
1024,10,102414525,1,0.20215487532907903,0,True,0.0,0.25,0.25,0.0,-0.5773502691896258,-0.5773502691896258,0.0,0.4,0.4,0.0,0.0,0.0,0.0,1.0,1.0,0.0
256,1,25605526,2,0.09938822038765224,0,True,0.0,0.25,0.25,0.0,-0.5773502691896258,-0.5773502691896258,0.0,0.0,0.0,0.0,0.5,0.5,0.0,0.5,0.5,0.0
256,2,25606526,2,0.13562473466602976,0,True,0.0,0.25,0.25,0.0,-0.5773502691896258,-0.5773502691896258,0.0,0.0,0.0,0.0,0.5,0.5,0.0,0.5,0.5,0.0
256,3,25607526,2,0.1451497938096159,0,True,0.0,0.25,0.25,0.0,-0.5773502691896258,-0.5773502691896258,0.0,0.0,0.0,0.0,0.5,0.5,0.0,0.5,0.5,0.0
256,4,25608526,2,0.148267737170316,0,True,0.0,0.25,0.25,0.0,-0.5773502691896258,-0.5773502691896258,0.0,0.0,0.0,0.0,0.5,0.5,0.0,0.5,0.5,0.0
256,5,25609526,2,0.1309237496308769,0,True,0.0,0.25,0.25,0.0,-0.5773502691896258,-0.5773502691896258,0.0,0.0,0.0,0.0,0.5,0.5,0.0,0.5,0.5,0.0
256,6,25610526,2,0.11715414416199929,0,True,0.0,0.25,0.25,0.0,-0.5773502691896258,-0.5773502691896258,0.0,0.0,0.0,0.0,0.5,0.5,0.0,0.5,0.5,0.0
256,7,25611526,2,0.12741259569866792,0,True,0.0,0.25,0.25,0.0,-0.5773502691896258,-0.5773502691896258,0.0,0.0,0.0,0.0,0.5,0.5,0.0,0.5,0.5,0.0
256,8,25612526,2,0.14220618935321633,0,True,0.0,0.25,0.25,0.0,-0.5773502691896258,-0.5773502691896258,0.0,0.0,0.0,0.0,0.5,0.5,0.0,0.5,0.5,0.0
256,9,25613526,2,0.14214814860070848,0,True,0.0,0.25,0.25,0.0,-0.5773502691896258,-0.5773502691896258,0.0,0.0,0.0,0.0,0.5,0.5,0.0,0.5,0.5,0.0
256,10,25614526,2,0.09871427231361654,0,True,0.0,0.25,0.25,0.0,-0.5773502691896258,-0.5773502691896258,0.0,0.0,0.0,0.0,0.5,0.5,0.0,0.5,0.5,0.0
1024,1,102405526,2,0.11878984584456367,0,True,0.0,0.25,0.25,0.0,-0.5773502691896258,-0.5773502691896258,0.0,0.0,0.0,0.0,0.5,0.5,0.0,0.5,0.5,0.0
1024,2,102406526,2,0.15206339429209123,0,True,0.0,0.25,0.25,0.0,-0.5773502691896258,-0.5773502691896258,0.0,0.0,0.0,0.0,0.5,0.5,0.0,0.5,0.5,0.0
1024,3,102407526,2,0.15158103372976198,0,True,0.0,0.25,0.25,0.0,-0.5773502691896258,-0.5773502691896258,0.0,0.0,0.0,0.0,0.5,0.5,0.0,0.5,0.5,0.0
1024,4,102408526,2,0.1468952240921778,0,True,0.0,0.25,0.25,0.0,-0.5773502691896258,-0.5773502691896258,0.0,0.0,0.0,0.0,0.5,0.5,0.0,0.5,0.5,0.0
1024,5,102409526,2,0.11918152285511648,0,True,0.0,0.25,0.25,0.0,-0.5773502691896258,-0.5773502691896258,0.0,0.0,0.0,0.0,0.5,0.5,0.0,0.5,0.5,0.0
1024,6,102410526,2,0.15003406512317258,0,True,0.0,0.25,0.25,0.0,-0.5773502691896258,-0.5773502691896258,0.0,0.0,0.0,0.0,0.5,0.5,0.0,0.5,0.5,0.0
1024,7,102411526,2,0.15087569198049622,0,True,0.0,0.25,0.25,0.0,-0.5773502691896258,-0.5773502691896258,0.0,0.0,0.0,0.0,0.5,0.5,0.0,0.5,0.5,0.0
1024,8,102412526,2,0.1418027477861526,0,True,0.0,0.25,0.25,0.0,-0.5773502691896258,-0.5773502691896258,0.0,0.0,0.0,0.0,0.5,0.5,0.0,0.5,0.5,0.0
1024,9,102413526,2,0.12346928365618991,0,True,0.0,0.25,0.25,0.0,-0.5773502691896258,-0.5773502691896258,0.0,0.0,0.0,0.0,0.5,0.5,0.0,0.5,0.5,0.0
1024,10,102414526,2,0.12169933845787043,0,True,0.0,0.25,0.25,0.0,-0.5773502691896258,-0.5773502691896258,0.0,0.0,0.0,0.0,0.5,0.5,0.0,0.5,0.5,0.0
256,1,25605527,3,0.1598453701007043,0,True,0.0,0.75,0.75,0.0,0.5773502691896258,0.5773502691896258,0.0,0.8,0.8,0.0,0.5,0.5,0.0,0.5,0.5,0.0
256,2,25606527,3,0.11708694171080322,0,True,0.25,0.75,0.5,-0.25,0.5773502691896258,0.0,-0.5773502691896258,0.8,0.5,-0.30000000000000004,0.5,0.5,0.0,0.5,0.5,0.0
256,3,25607527,3,0.1671345802316729,0,True,0.25,0.75,0.5,-0.25,0.5773502691896258,0.0,-0.5773502691896258,0.8,0.5,-0.30000000000000004,0.5,0.5,0.0,0.5,0.5,0.0
256,4,25608527,3,0.12147998530345899,0,True,0.0,0.75,0.75,0.0,0.5773502691896258,0.5773502691896258,0.0,0.8,0.8,0.0,0.5,0.5,0.0,0.5,0.5,0.0
256,5,25609527,3,0.1405187316609601,0,True,0.5,0.75,0.75,0.0,0.5773502691896258,0.5773502691896258,0.0,0.8,0.6666666666666666,-0.13333333333333341,0.5,1.0,0.5,0.5,0.0,-0.5
256,6,25610527,3,0.14022981402519039,0,True,0.0,0.75,0.75,0.0,0.5773502691896258,0.5773502691896258,0.0,0.8,0.8,0.0,0.5,0.5,0.0,0.5,0.5,0.0
256,7,25611527,3,0.15140882225434452,0,True,0.0,0.75,0.75,0.0,0.5773502691896258,0.5773502691896258,0.0,0.8,0.8,0.0,0.5,0.5,0.0,0.5,0.5,0.0
256,8,25612527,3,0.10343782299952269,0,True,0.0,0.75,0.75,0.0,0.5773502691896258,0.5773502691896258,0.0,0.8,0.8,0.0,0.5,0.5,0.0,0.5,0.5,0.0
256,9,25613527,3,0.0875099008821689,0,True,0.5,0.75,0.75,0.0,0.5773502691896258,0.5773502691896258,0.0,0.8,0.6666666666666666,-0.13333333333333341,0.5,1.0,0.5,0.5,0.0,-0.5
256,10,25614527,3,0.12969458417243893,0,True,0.0,0.75,0.75,0.0,0.5773502691896258,0.5773502691896258,0.0,0.8,0.8,0.0,0.5,0.5,0.0,0.5,0.5,0.0
1024,1,102405527,3,0.15454756977989287,0,True,0.5,0.75,0.75,0.0,0.5773502691896258,0.5773502691896258,0.0,0.8,0.6666666666666666,-0.13333333333333341,0.5,1.0,0.5,0.5,0.0,-0.5
1024,2,102406527,3,0.16836622915823324,0,True,0.5,0.75,0.75,0.0,0.5773502691896258,0.5773502691896258,0.0,0.8,0.6666666666666666,-0.13333333333333341,0.5,1.0,0.5,0.5,0.0,-0.5
1024,3,102407527,3,0.16469088832860268,0,True,0.0,0.75,0.75,0.0,0.5773502691896258,0.5773502691896258,0.0,0.8,0.8,0.0,0.5,0.5,0.0,0.5,0.5,0.0
1024,4,102408527,3,0.16295077646948317,0,True,0.0,0.75,0.75,0.0,0.5773502691896258,0.5773502691896258,0.0,0.8,0.8,0.0,0.5,0.5,0.0,0.5,0.5,0.0
1024,5,102409527,3,0.17619178258933466,0,True,0.0,0.75,0.75,0.0,0.5773502691896258,0.5773502691896258,0.0,0.8,0.8,0.0,0.5,0.5,0.0,0.5,0.5,0.0
1024,6,102410527,3,0.1639036970222365,0,True,0.0,0.75,0.75,0.0,0.5773502691896258,0.5773502691896258,0.0,0.8,0.8,0.0,0.5,0.5,0.0,0.5,0.5,0.0
1024,7,102411527,3,0.13877660200593708,0,True,0.25,0.75,0.5,-0.25,0.5773502691896258,0.0,-0.5773502691896258,0.8,0.5,-0.30000000000000004,0.5,0.5,0.0,0.5,0.5,0.0
1024,8,102412527,3,0.14692535012582225,0,True,0.5,0.75,0.75,0.0,0.5773502691896258,0.5773502691896258,0.0,0.8,0.6666666666666666,-0.13333333333333341,0.5,1.0,0.5,0.5,0.0,-0.5
1024,9,102413527,3,0.16581697523954905,0,True,0.25,0.75,1.0,0.25,0.5773502691896258,1.0,0.42264973081037416,0.8,1.0,0.19999999999999996,0.5,1.0,0.5,0.5,0.0,-0.5
1024,10,102414527,3,0.17725437972087707,0,True,0.5,0.75,0.75,0.0,0.5773502691896258,0.5773502691896258,0.0,0.8,0.6666666666666666,-0.13333333333333341,0.5,1.0,0.5,0.5,0.0,-0.5
256,1,25605528,4,0.11350639791263772,0,True,0.0,0.75,0.75,0.0,0.5773502691896258,0.5773502691896258,0.0,0.6666666666666666,0.6666666666666666,0.0,1.0,1.0,0.0,0.0,0.0,0.0
256,2,25606528,4,0.08217819983648897,0,True,0.0,0.75,0.75,0.0,0.5773502691896258,0.5773502691896258,0.0,0.6666666666666666,0.6666666666666666,0.0,1.0,1.0,0.0,0.0,0.0,0.0
256,3,25607528,4,0.08018663603748746,0,True,0.0,0.75,0.75,0.0,0.5773502691896258,0.5773502691896258,0.0,0.6666666666666666,0.6666666666666666,0.0,1.0,1.0,0.0,0.0,0.0,0.0
256,4,25608528,4,0.12202099033963924,0,True,0.0,0.75,0.75,0.0,0.5773502691896258,0.5773502691896258,0.0,0.6666666666666666,0.6666666666666666,0.0,1.0,1.0,0.0,0.0,0.0,0.0
256,5,25609528,4,0.09714308916441418,0,True,0.0,0.75,0.75,0.0,0.5773502691896258,0.5773502691896258,0.0,0.6666666666666666,0.6666666666666666,0.0,1.0,1.0,0.0,0.0,0.0,0.0
256,6,25610528,4,0.09687610541515383,0,True,0.0,0.75,0.75,0.0,0.5773502691896258,0.5773502691896258,0.0,0.6666666666666666,0.6666666666666666,0.0,1.0,1.0,0.0,0.0,0.0,0.0
256,7,25611528,4,0.08978703910152938,0,True,0.0,0.75,0.75,0.0,0.5773502691896258,0.5773502691896258,0.0,0.6666666666666666,0.6666666666666666,0.0,1.0,1.0,0.0,0.0,0.0,0.0
256,8,25612528,4,0.08910060568859772,0,True,0.0,0.75,0.75,0.0,0.5773502691896258,0.5773502691896258,0.0,0.6666666666666666,0.6666666666666666,0.0,1.0,1.0,0.0,0.0,0.0,0.0
256,9,25613528,4,0.06968098209255669,0,True,0.0,0.75,0.75,0.0,0.5773502691896258,0.5773502691896258,0.0,0.6666666666666666,0.6666666666666666,0.0,1.0,1.0,0.0,0.0,0.0,0.0
256,10,25614528,4,0.11125364671801663,0,True,0.0,0.75,0.75,0.0,0.5773502691896258,0.5773502691896258,0.0,0.6666666666666666,0.6666666666666666,0.0,1.0,1.0,0.0,0.0,0.0,0.0
1024,1,102405528,4,0.09911656198910015,0,True,0.0,0.75,0.75,0.0,0.5773502691896258,0.5773502691896258,0.0,0.6666666666666666,0.6666666666666666,0.0,1.0,1.0,0.0,0.0,0.0,0.0
1024,2,102406528,4,0.10118482529631466,0,True,0.0,0.75,0.75,0.0,0.5773502691896258,0.5773502691896258,0.0,0.6666666666666666,0.6666666666666666,0.0,1.0,1.0,0.0,0.0,0.0,0.0
1024,3,102407528,4,0.11630829848558903,0,True,0.0,0.75,0.75,0.0,0.5773502691896258,0.5773502691896258,0.0,0.6666666666666666,0.6666666666666666,0.0,1.0,1.0,0.0,0.0,0.0,0.0
1024,4,102408528,4,0.11090478880339187,0,True,0.0,0.75,0.75,0.0,0.5773502691896258,0.5773502691896258,0.0,0.6666666666666666,0.6666666666666666,0.0,1.0,1.0,0.0,0.0,0.0,0.0
1024,5,102409528,4,0.10090595982873082,0,True,0.0,0.75,0.75,0.0,0.5773502691896258,0.5773502691896258,0.0,0.6666666666666666,0.6666666666666666,0.0,1.0,1.0,0.0,0.0,0.0,0.0
1024,6,102410528,4,0.09384527910049714,0,True,0.0,0.75,0.75,0.0,0.5773502691896258,0.5773502691896258,0.0,0.6666666666666666,0.6666666666666666,0.0,1.0,1.0,0.0,0.0,0.0,0.0
1024,7,102411528,4,0.10141777381074861,0,True,0.0,0.75,0.75,0.0,0.5773502691896258,0.5773502691896258,0.0,0.6666666666666666,0.6666666666666666,0.0,1.0,1.0,0.0,0.0,0.0,0.0
1024,8,102412528,4,0.10700869298738881,0,True,0.0,0.75,0.75,0.0,0.5773502691896258,0.5773502691896258,0.0,0.6666666666666666,0.6666666666666666,0.0,1.0,1.0,0.0,0.0,0.0,0.0
1024,9,102413528,4,0.09260516399817453,0,True,0.0,0.75,0.75,0.0,0.5773502691896258,0.5773502691896258,0.0,0.6666666666666666,0.6666666666666666,0.0,1.0,1.0,0.0,0.0,0.0,0.0
1024,10,102414528,4,0.1535197953668569,0,True,0.0,0.75,0.75,0.0,0.5773502691896258,0.5773502691896258,0.0,0.6666666666666666,0.6666666666666666,0.0,1.0,1.0,0.0,0.0,0.0,0.0
256,1,25605529,5,0.2536432830826871,0,True,0.0,1.0,1.0,0.0,1.0,1.0,0.0,1.0,1.0,0.0,1.0,1.0,0.0,0.0,0.0,0.0
256,2,25606529,5,0.18973478474235972,0,True,0.0,1.0,1.0,0.0,1.0,1.0,0.0,1.0,1.0,0.0,1.0,1.0,0.0,0.0,0.0,0.0
256,3,25607529,5,0.2449987316701006,0,True,0.0,1.0,1.0,0.0,1.0,1.0,0.0,1.0,1.0,0.0,1.0,1.0,0.0,0.0,0.0,0.0
256,4,25608529,5,0.20169832244500935,0,True,0.0,1.0,1.0,0.0,1.0,1.0,0.0,1.0,1.0,0.0,1.0,1.0,0.0,0.0,0.0,0.0
256,5,25609529,5,0.19165884871818337,0,True,0.0,1.0,1.0,0.0,1.0,1.0,0.0,1.0,1.0,0.0,1.0,1.0,0.0,0.0,0.0,0.0
256,6,25610529,5,0.2448255826771663,0,True,0.0,1.0,1.0,0.0,1.0,1.0,0.0,1.0,1.0,0.0,1.0,1.0,0.0,0.0,0.0,0.0
256,7,25611529,5,0.23914108276616913,0,True,0.0,1.0,1.0,0.0,1.0,1.0,0.0,1.0,1.0,0.0,1.0,1.0,0.0,0.0,0.0,0.0
256,8,25612529,5,0.21665736225752635,0,True,0.0,1.0,1.0,0.0,1.0,1.0,0.0,1.0,1.0,0.0,1.0,1.0,0.0,0.0,0.0,0.0
256,9,25613529,5,0.24063600062813323,0,True,0.0,1.0,1.0,0.0,1.0,1.0,0.0,1.0,1.0,0.0,1.0,1.0,0.0,0.0,0.0,0.0
256,10,25614529,5,0.16006882176050005,0,True,0.0,1.0,1.0,0.0,1.0,1.0,0.0,1.0,1.0,0.0,1.0,1.0,0.0,0.0,0.0,0.0
1024,1,102405529,5,0.24557030028638105,0,True,0.0,1.0,1.0,0.0,1.0,1.0,0.0,1.0,1.0,0.0,1.0,1.0,0.0,0.0,0.0,0.0
1024,2,102406529,5,0.23392152869792016,0,True,0.0,1.0,1.0,0.0,1.0,1.0,0.0,1.0,1.0,0.0,1.0,1.0,0.0,0.0,0.0,0.0
1024,3,102407529,5,0.21255339601193174,0,True,0.0,1.0,1.0,0.0,1.0,1.0,0.0,1.0,1.0,0.0,1.0,1.0,0.0,0.0,0.0,0.0
1024,4,102408529,5,0.2266391038849439,0,True,0.0,1.0,1.0,0.0,1.0,1.0,0.0,1.0,1.0,0.0,1.0,1.0,0.0,0.0,0.0,0.0
1024,5,102409529,5,0.22723421905136826,0,True,0.0,1.0,1.0,0.0,1.0,1.0,0.0,1.0,1.0,0.0,1.0,1.0,0.0,0.0,0.0,0.0
1024,6,102410529,5,0.2336766537421331,0,True,0.0,1.0,1.0,0.0,1.0,1.0,0.0,1.0,1.0,0.0,1.0,1.0,0.0,0.0,0.0,0.0
1024,7,102411529,5,0.2440132254445078,0,True,0.0,1.0,1.0,0.0,1.0,1.0,0.0,1.0,1.0,0.0,1.0,1.0,0.0,0.0,0.0,0.0
1024,8,102412529,5,0.22874617105923833,0,True,0.0,1.0,1.0,0.0,1.0,1.0,0.0,1.0,1.0,0.0,1.0,1.0,0.0,0.0,0.0,0.0
1024,9,102413529,5,0.2571509409789744,0,True,0.0,1.0,1.0,0.0,1.0,1.0,0.0,1.0,1.0,0.0,1.0,1.0,0.0,0.0,0.0,0.0
1024,10,102414529,5,0.24493141771745738,0,True,0.0,1.0,1.0,0.0,1.0,1.0,0.0,1.0,1.0,0.0,1.0,1.0,0.0,0.0,0.0,0.0
256,1,25605530,6,0.0650269541595849,0,True,0.5,0.25,0.25,0.0,-0.5773502691896258,-0.5773502691896258,0.0,0.4,0.4,0.0,0.0,0.0,0.0,1.0,1.0,0.0
256,2,25606530,6,0.06962854076648801,0,True,0.25,0.25,0.5,0.25,-0.5773502691896258,0.0,0.5773502691896258,0.4,0.6666666666666666,0.2666666666666666,0.0,0.0,0.0,1.0,1.0,0.0
256,3,25607530,6,0.1104907841036555,0,True,0.0,0.25,0.25,0.0,-0.5773502691896258,-0.5773502691896258,0.0,0.4,0.4,0.0,0.0,0.0,0.0,1.0,1.0,0.0
256,4,25608530,6,0.13080744630832658,0,True,0.25,0.25,0.0,-0.25,-0.5773502691896258,-1.0,-0.42264973081037416,0.4,0.0,-0.4,0.0,0.0,0.0,1.0,1.0,0.0
256,5,25609530,6,0.07700931804451704,0,True,0.0,0.25,0.25,0.0,-0.5773502691896258,-0.5773502691896258,0.0,0.4,0.4,0.0,0.0,0.0,0.0,1.0,1.0,0.0
256,6,25610530,6,0.11440908140623725,0,True,0.25,0.25,0.0,-0.25,-0.5773502691896258,-1.0,-0.42264973081037416,0.4,0.0,-0.4,0.0,0.0,0.0,1.0,1.0,0.0
256,7,25611530,6,0.1007720434539794,0,True,0.0,0.25,0.25,0.0,-0.5773502691896258,-0.5773502691896258,0.0,0.4,0.4,0.0,0.0,0.0,0.0,1.0,1.0,0.0
256,8,25612530,6,0.13637312429536083,0,True,0.25,0.25,0.5,0.25,-0.5773502691896258,0.0,0.5773502691896258,0.4,0.6666666666666666,0.2666666666666666,0.0,0.0,0.0,1.0,1.0,0.0
256,9,25613530,6,0.12696494300362182,0,True,0.25,0.25,0.5,0.25,-0.5773502691896258,0.0,0.5773502691896258,0.4,0.6666666666666666,0.2666666666666666,0.0,0.0,0.0,1.0,1.0,0.0
256,10,25614530,6,0.10862124192258726,0,True,0.25,0.25,0.0,-0.25,-0.5773502691896258,-1.0,-0.42264973081037416,0.4,0.0,-0.4,0.0,0.0,0.0,1.0,1.0,0.0
1024,1,102405530,6,0.1418777524585493,0,True,0.0,0.25,0.25,0.0,-0.5773502691896258,-0.5773502691896258,0.0,0.4,0.4,0.0,0.0,0.0,0.0,1.0,1.0,0.0
1024,2,102406530,6,0.13432240448514018,0,True,0.25,0.25,0.0,-0.25,-0.5773502691896258,-1.0,-0.42264973081037416,0.4,0.0,-0.4,0.0,0.0,0.0,1.0,1.0,0.0
1024,3,102407530,6,0.11329329882753887,0,True,0.25,0.25,0.5,0.25,-0.5773502691896258,0.0,0.5773502691896258,0.4,0.6666666666666666,0.2666666666666666,0.0,0.0,0.0,1.0,1.0,0.0
1024,4,102408530,6,0.16900799411276818,0,True,0.25,0.25,0.5,0.25,-0.5773502691896258,0.0,0.5773502691896258,0.4,0.6666666666666666,0.2666666666666666,0.0,0.0,0.0,1.0,1.0,0.0
1024,5,102409530,6,0.14415855338171804,0,True,0.0,0.25,0.25,0.0,-0.5773502691896258,-0.5773502691896258,0.0,0.4,0.4,0.0,0.0,0.0,0.0,1.0,1.0,0.0
1024,6,102410530,6,0.13021200965342855,0,True,0.0,0.25,0.25,0.0,-0.5773502691896258,-0.5773502691896258,0.0,0.4,0.4,0.0,0.0,0.0,0.0,1.0,1.0,0.0
1024,7,102411530,6,0.15585275461996284,0,True,0.0,0.25,0.25,0.0,-0.5773502691896258,-0.5773502691896258,0.0,0.4,0.4,0.0,0.0,0.0,0.0,1.0,1.0,0.0
1024,8,102412530,6,0.11643859054611604,0,True,0.0,0.25,0.25,0.0,-0.5773502691896258,-0.5773502691896258,0.0,0.4,0.4,0.0,0.0,0.0,0.0,1.0,1.0,0.0
1024,9,102413530,6,0.12042300275824283,0,True,0.25,0.25,0.5,0.25,-0.5773502691896258,0.0,0.5773502691896258,0.4,0.6666666666666666,0.2666666666666666,0.0,0.0,0.0,1.0,1.0,0.0
1024,10,102414530,6,0.11314564159215618,0,True,0.25,0.25,0.5,0.25,-0.5773502691896258,0.0,0.5773502691896258,0.4,0.6666666666666666,0.2666666666666666,0.0,0.0,0.0,1.0,1.0,0.0
256,1,25605531,7,0.15613264030542343,0,True,0.0,0.25,0.25,0.0,-0.5773502691896258,-0.5773502691896258,0.0,0.0,0.0,0.0,0.5,0.5,0.0,0.5,0.5,0.0
256,2,25606531,7,0.1285524570802975,0,True,0.0,0.25,0.25,0.0,-0.5773502691896258,-0.5773502691896258,0.0,0.0,0.0,0.0,0.5,0.5,0.0,0.5,0.5,0.0
256,3,25607531,7,0.12989366339594138,0,True,0.0,0.25,0.25,0.0,-0.5773502691896258,-0.5773502691896258,0.0,0.0,0.0,0.0,0.5,0.5,0.0,0.5,0.5,0.0
256,4,25608531,7,0.13711619249522683,0,True,0.25,0.25,0.0,-0.25,-0.5773502691896258,-1.0,-0.42264973081037416,0.0,0.0,0.0,0.5,0.0,-0.5,0.5,1.0,0.5
256,5,25609531,7,0.09630635870099845,0,True,0.0,0.25,0.25,0.0,-0.5773502691896258,-0.5773502691896258,0.0,0.0,0.0,0.0,0.5,0.5,0.0,0.5,0.5,0.0
256,6,25610531,7,0.11317252950665778,0,True,0.0,0.25,0.25,0.0,-0.5773502691896258,-0.5773502691896258,0.0,0.0,0.0,0.0,0.5,0.5,0.0,0.5,0.5,0.0
256,7,25611531,7,0.11853434659232619,0,True,0.0,0.25,0.25,0.0,-0.5773502691896258,-0.5773502691896258,0.0,0.0,0.0,0.0,0.5,0.5,0.0,0.5,0.5,0.0
256,8,25612531,7,0.13226978653914115,0,True,0.0,0.25,0.25,0.0,-0.5773502691896258,-0.5773502691896258,0.0,0.0,0.0,0.0,0.5,0.5,0.0,0.5,0.5,0.0
256,9,25613531,7,0.10804481568614938,0,True,0.25,0.25,0.0,-0.25,-0.5773502691896258,-1.0,-0.42264973081037416,0.0,0.0,0.0,0.5,0.0,-0.5,0.5,1.0,0.5
256,10,25614531,7,0.1730069957678211,0,True,0.25,0.25,0.0,-0.25,-0.5773502691896258,-1.0,-0.42264973081037416,0.0,0.0,0.0,0.5,0.0,-0.5,0.5,1.0,0.5
1024,1,102405531,7,0.15828730441262026,0,True,0.0,0.25,0.25,0.0,-0.5773502691896258,-0.5773502691896258,0.0,0.0,0.0,0.0,0.5,0.5,0.0,0.5,0.5,0.0
1024,2,102406531,7,0.11372530640191046,0,True,0.0,0.25,0.25,0.0,-0.5773502691896258,-0.5773502691896258,0.0,0.0,0.0,0.0,0.5,0.5,0.0,0.5,0.5,0.0
1024,3,102407531,7,0.14052335760076537,0,True,0.0,0.25,0.25,0.0,-0.5773502691896258,-0.5773502691896258,0.0,0.0,0.0,0.0,0.5,0.5,0.0,0.5,0.5,0.0
1024,4,102408531,7,0.16257895548489879,0,True,0.0,0.25,0.25,0.0,-0.5773502691896258,-0.5773502691896258,0.0,0.0,0.0,0.0,0.5,0.5,0.0,0.5,0.5,0.0
1024,5,102409531,7,0.14668006819124535,0,True,0.0,0.25,0.25,0.0,-0.5773502691896258,-0.5773502691896258,0.0,0.0,0.0,0.0,0.5,0.5,0.0,0.5,0.5,0.0
1024,6,102410531,7,0.12647137046984344,0,True,0.0,0.25,0.25,0.0,-0.5773502691896258,-0.5773502691896258,0.0,0.0,0.0,0.0,0.5,0.5,0.0,0.5,0.5,0.0
1024,7,102411531,7,0.14556004931698635,0,True,0.0,0.25,0.25,0.0,-0.5773502691896258,-0.5773502691896258,0.0,0.0,0.0,0.0,0.5,0.5,0.0,0.5,0.5,0.0
1024,8,102412531,7,0.15137071664720467,0,True,0.0,0.25,0.25,0.0,-0.5773502691896258,-0.5773502691896258,0.0,0.0,0.0,0.0,0.5,0.5,0.0,0.5,0.5,0.0
1024,9,102413531,7,0.1693526256654925,0,True,0.0,0.25,0.25,0.0,-0.5773502691896258,-0.5773502691896258,0.0,0.0,0.0,0.0,0.5,0.5,0.0,0.5,0.5,0.0
1024,10,102414531,7,0.13612086406977328,0,True,0.0,0.25,0.25,0.0,-0.5773502691896258,-0.5773502691896258,0.0,0.0,0.0,0.0,0.5,0.5,0.0,0.5,0.5,0.0
256,1,25605532,8,0.19691117728097263,0,True,0.5,0.5,0.5,0.0,0.0,0.0,0.0,0.6666666666666666,0.5,-0.16666666666666663,0.0,0.5,0.5,1.0,0.5,-0.5
256,2,25606532,8,0.18991985471171777,0,True,0.25,0.5,0.75,0.25,0.0,0.5773502691896258,0.5773502691896258,0.6666666666666666,0.8,0.13333333333333341,0.0,0.5,0.5,1.0,0.5,-0.5
256,3,25607532,8,0.20800176345824223,0,True,0.25,0.5,0.75,0.25,0.0,0.5773502691896258,0.5773502691896258,0.6666666666666666,0.8,0.13333333333333341,0.0,0.5,0.5,1.0,0.5,-0.5
256,4,25608532,8,0.15322383671493126,0,True,0.0,0.5,0.5,0.0,0.0,0.0,0.0,0.6666666666666666,0.6666666666666666,0.0,0.0,0.0,0.0,1.0,1.0,0.0
256,5,25609532,8,0.2122351884899951,0,True,0.0,0.5,0.5,0.0,0.0,0.0,0.0,0.6666666666666666,0.6666666666666666,0.0,0.0,0.0,0.0,1.0,1.0,0.0
256,6,25610532,8,0.23829339131060992,0,True,0.25,0.5,0.75,0.25,0.0,0.5773502691896258,0.5773502691896258,0.6666666666666666,0.8,0.13333333333333341,0.0,0.5,0.5,1.0,0.5,-0.5
256,7,25611532,8,0.16557314491380892,0,True,0.25,0.5,0.75,0.25,0.0,0.5773502691896258,0.5773502691896258,0.6666666666666666,0.8,0.13333333333333341,0.0,0.5,0.5,1.0,0.5,-0.5
256,8,25612532,8,0.24028485497993932,0,True,0.0,0.5,0.5,0.0,0.0,0.0,0.0,0.6666666666666666,0.6666666666666666,0.0,0.0,0.0,0.0,1.0,1.0,0.0
256,9,25613532,8,0.22550135234746302,0,True,0.75,0.5,0.75,0.25,0.0,0.5773502691896258,0.5773502691896258,0.6666666666666666,0.6666666666666666,0.0,0.0,1.0,1.0,1.0,0.0,-1.0
256,10,25614532,8,0.17746096714259685,0,True,0.5,0.5,0.5,0.0,0.0,0.0,0.0,0.6666666666666666,0.5,-0.16666666666666663,0.0,0.5,0.5,1.0,0.5,-0.5
1024,1,102405532,8,0.25137718485414223,0,True,0.25,0.5,0.75,0.25,0.0,0.5773502691896258,0.5773502691896258,0.6666666666666666,0.8,0.13333333333333341,0.0,0.5,0.5,1.0,0.5,-0.5
1024,2,102406532,8,0.22823883775908124,0,True,0.5,0.5,1.0,0.5,0.0,1.0,1.0,0.6666666666666666,1.0,0.33333333333333337,0.0,1.0,1.0,1.0,0.0,-1.0
1024,3,102407532,8,0.21208656975132573,0,True,0.25,0.5,0.25,-0.25,0.0,-0.5773502691896258,-0.5773502691896258,0.6666666666666666,0.4,-0.2666666666666666,0.0,0.0,0.0,1.0,1.0,0.0
1024,4,102408532,8,0.2159719094714535,0,True,0.0,0.5,0.5,0.0,0.0,0.0,0.0,0.6666666666666666,0.6666666666666666,0.0,0.0,0.0,0.0,1.0,1.0,0.0
1024,5,102409532,8,0.21497388750463828,0,True,0.0,0.5,0.5,0.0,0.0,0.0,0.0,0.6666666666666666,0.6666666666666666,0.0,0.0,0.0,0.0,1.0,1.0,0.0
1024,6,102410532,8,0.24947785206682974,0,True,0.0,0.5,0.5,0.0,0.0,0.0,0.0,0.6666666666666666,0.6666666666666666,0.0,0.0,0.0,0.0,1.0,1.0,0.0
1024,7,102411532,8,0.19849530931103918,0,True,0.0,0.5,0.5,0.0,0.0,0.0,0.0,0.6666666666666666,0.6666666666666666,0.0,0.0,0.0,0.0,1.0,1.0,0.0
1024,8,102412532,8,0.2237358885610737,0,True,0.0,0.5,0.5,0.0,0.0,0.0,0.0,0.6666666666666666,0.6666666666666666,0.0,0.0,0.0,0.0,1.0,1.0,0.0
1024,9,102413532,8,0.2241308695946488,0,True,0.0,0.5,0.5,0.0,0.0,0.0,0.0,0.6666666666666666,0.6666666666666666,0.0,0.0,0.0,0.0,1.0,1.0,0.0
1024,10,102414532,8,0.21683113748700755,0,True,0.25,0.5,0.75,0.25,0.0,0.5773502691896258,0.5773502691896258,0.6666666666666666,0.8,0.13333333333333341,0.0,0.5,0.5,1.0,0.5,-0.5
256,1,25605533,9,0.13101425566373107,0,True,0.25,0.5,0.75,0.25,0.0,0.5773502691896258,0.5773502691896258,0.0,0.6666666666666666,0.6666666666666666,1.0,1.0,0.0,0.0,0.0,0.0
256,2,25606533,9,0.1582857419359811,0,True,0.0,0.5,0.5,0.0,0.0,0.0,0.0,0.0,0.0,0.0,1.0,1.0,0.0,0.0,0.0,0.0
256,3,25607533,9,0.16348272029853278,0,True,0.0,0.5,0.5,0.0,0.0,0.0,0.0,0.0,0.0,0.0,1.0,1.0,0.0,0.0,0.0,0.0
256,4,25608533,9,0.17281018850912672,0,True,0.0,0.5,0.5,0.0,0.0,0.0,0.0,0.0,0.0,0.0,1.0,1.0,0.0,0.0,0.0,0.0
256,5,25609533,9,0.1759694158348126,0,True,0.25,0.5,0.75,0.25,0.0,0.5773502691896258,0.5773502691896258,0.0,0.6666666666666666,0.6666666666666666,1.0,1.0,0.0,0.0,0.0,0.0
256,6,25610533,9,0.12497708579949698,0,True,0.25,0.5,0.75,0.25,0.0,0.5773502691896258,0.5773502691896258,0.0,0.6666666666666666,0.6666666666666666,1.0,1.0,0.0,0.0,0.0,0.0
256,7,25611533,9,0.1701710094960788,0,True,0.25,0.5,0.75,0.25,0.0,0.5773502691896258,0.5773502691896258,0.0,0.6666666666666666,0.6666666666666666,1.0,1.0,0.0,0.0,0.0,0.0
256,8,25612533,9,0.18880949890230658,0,True,0.0,0.5,0.5,0.0,0.0,0.0,0.0,0.0,0.0,0.0,1.0,1.0,0.0,0.0,0.0,0.0
256,9,25613533,9,0.10041147948573331,0,True,0.25,0.5,0.75,0.25,0.0,0.5773502691896258,0.5773502691896258,0.0,0.6666666666666666,0.6666666666666666,1.0,1.0,0.0,0.0,0.0,0.0
256,10,25614533,9,0.19509033961879307,0,True,0.0,0.5,0.5,0.0,0.0,0.0,0.0,0.0,0.0,0.0,1.0,1.0,0.0,0.0,0.0,0.0
1024,1,102405533,9,0.16413226669069986,0,True,0.25,0.5,0.75,0.25,0.0,0.5773502691896258,0.5773502691896258,0.0,0.6666666666666666,0.6666666666666666,1.0,1.0,0.0,0.0,0.0,0.0
1024,2,102406533,9,0.1787405014204865,0,True,0.0,0.5,0.5,0.0,0.0,0.0,0.0,0.0,0.0,0.0,1.0,1.0,0.0,0.0,0.0,0.0
1024,3,102407533,9,0.1721198785945112,0,True,0.0,0.5,0.5,0.0,0.0,0.0,0.0,0.0,0.0,0.0,1.0,1.0,0.0,0.0,0.0,0.0
1024,4,102408533,9,0.17635001990630228,0,True,0.0,0.5,0.5,0.0,0.0,0.0,0.0,0.0,0.0,0.0,1.0,1.0,0.0,0.0,0.0,0.0
1024,5,102409533,9,0.16894186443541614,0,True,0.0,0.5,0.5,0.0,0.0,0.0,0.0,0.0,0.0,0.0,1.0,1.0,0.0,0.0,0.0,0.0
1024,6,102410533,9,0.19723785589735482,0,True,0.0,0.5,0.5,0.0,0.0,0.0,0.0,0.0,0.0,0.0,1.0,1.0,0.0,0.0,0.0,0.0
1024,7,102411533,9,0.17044949329588116,0,True,0.0,0.5,0.5,0.0,0.0,0.0,0.0,0.0,0.0,0.0,1.0,1.0,0.0,0.0,0.0,0.0
1024,8,102412533,9,0.1724557750874377,0,True,0.0,0.5,0.5,0.0,0.0,0.0,0.0,0.0,0.0,0.0,1.0,1.0,0.0,0.0,0.0,0.0
1024,9,102413533,9,0.17566694143838998,0,True,0.0,0.5,0.5,0.0,0.0,0.0,0.0,0.0,0.0,0.0,1.0,1.0,0.0,0.0,0.0,0.0
1024,10,102414533,9,0.19489781314413188,0,True,0.25,0.5,0.75,0.25,0.0,0.5773502691896258,0.5773502691896258,0.0,0.6666666666666666,0.6666666666666666,1.0,1.0,0.0,0.0,0.0,0.0
256,1,25605534,10,0.053928145740195096,0,True,0.0,0.75,0.75,0.0,0.5773502691896258,0.5773502691896258,0.0,0.6666666666666666,0.6666666666666666,0.0,1.0,1.0,0.0,0.0,0.0,0.0
256,2,25606534,10,0.0809400314857445,0,True,0.0,0.75,0.75,0.0,0.5773502691896258,0.5773502691896258,0.0,0.6666666666666666,0.6666666666666666,0.0,1.0,1.0,0.0,0.0,0.0,0.0
256,3,25607534,10,0.133213998676021,0,True,0.0,0.75,0.75,0.0,0.5773502691896258,0.5773502691896258,0.0,0.6666666666666666,0.6666666666666666,0.0,1.0,1.0,0.0,0.0,0.0,0.0
256,4,25608534,10,0.08254372015629283,0,True,0.0,0.75,0.75,0.0,0.5773502691896258,0.5773502691896258,0.0,0.6666666666666666,0.6666666666666666,0.0,1.0,1.0,0.0,0.0,0.0,0.0
256,5,25609534,10,0.10642471823316216,0,True,0.0,0.75,0.75,0.0,0.5773502691896258,0.5773502691896258,0.0,0.6666666666666666,0.6666666666666666,0.0,1.0,1.0,0.0,0.0,0.0,0.0
256,6,25610534,10,0.15962595767102258,0,True,0.0,0.75,0.75,0.0,0.5773502691896258,0.5773502691896258,0.0,0.6666666666666666,0.6666666666666666,0.0,1.0,1.0,0.0,0.0,0.0,0.0
256,7,25611534,10,0.053033667693444995,0,True,0.0,0.75,0.75,0.0,0.5773502691896258,0.5773502691896258,0.0,0.6666666666666666,0.6666666666666666,0.0,1.0,1.0,0.0,0.0,0.0,0.0
256,8,25612534,10,0.07554219687292953,0,True,0.0,0.75,0.75,0.0,0.5773502691896258,0.5773502691896258,0.0,0.6666666666666666,0.6666666666666666,0.0,1.0,1.0,0.0,0.0,0.0,0.0
256,9,25613534,10,0.07980418665816953,0,True,0.0,0.75,0.75,0.0,0.5773502691896258,0.5773502691896258,0.0,0.6666666666666666,0.6666666666666666,0.0,1.0,1.0,0.0,0.0,0.0,0.0
256,10,25614534,10,0.12260368739717895,0,True,0.25,0.75,1.0,0.25,0.5773502691896258,1.0,0.42264973081037416,0.6666666666666666,1.0,0.33333333333333337,1.0,1.0,0.0,0.0,0.0,0.0
1024,1,102405534,10,0.12326673823390906,0,True,0.0,0.75,0.75,0.0,0.5773502691896258,0.5773502691896258,0.0,0.6666666666666666,0.6666666666666666,0.0,1.0,1.0,0.0,0.0,0.0,0.0
1024,2,102406534,10,0.10081828777769511,0,True,0.0,0.75,0.75,0.0,0.5773502691896258,0.5773502691896258,0.0,0.6666666666666666,0.6666666666666666,0.0,1.0,1.0,0.0,0.0,0.0,0.0
1024,3,102407534,10,0.08766391430041247,0,True,0.0,0.75,0.75,0.0,0.5773502691896258,0.5773502691896258,0.0,0.6666666666666666,0.6666666666666666,0.0,1.0,1.0,0.0,0.0,0.0,0.0
1024,4,102408534,10,0.14114845091162126,0,True,0.0,0.75,0.75,0.0,0.5773502691896258,0.5773502691896258,0.0,0.6666666666666666,0.6666666666666666,0.0,1.0,1.0,0.0,0.0,0.0,0.0
1024,5,102409534,10,0.10617299144393963,0,True,0.0,0.75,0.75,0.0,0.5773502691896258,0.5773502691896258,0.0,0.6666666666666666,0.6666666666666666,0.0,1.0,1.0,0.0,0.0,0.0,0.0
1024,6,102410534,10,0.153001945444151,0,True,0.0,0.75,0.75,0.0,0.5773502691896258,0.5773502691896258,0.0,0.6666666666666666,0.6666666666666666,0.0,1.0,1.0,0.0,0.0,0.0,0.0
1024,7,102411534,10,0.10490391684673013,0,True,0.0,0.75,0.75,0.0,0.5773502691896258,0.5773502691896258,0.0,0.6666666666666666,0.6666666666666666,0.0,1.0,1.0,0.0,0.0,0.0,0.0
1024,8,102412534,10,0.10813147846963055,0,True,0.0,0.75,0.75,0.0,0.5773502691896258,0.5773502691896258,0.0,0.6666666666666666,0.6666666666666666,0.0,1.0,1.0,0.0,0.0,0.0,0.0
1024,9,102413534,10,0.09550904131080233,0,True,0.0,0.75,0.75,0.0,0.5773502691896258,0.5773502691896258,0.0,0.6666666666666666,0.6666666666666666,0.0,1.0,1.0,0.0,0.0,0.0,0.0
1024,10,102414534,10,0.09379647123837434,0,True,0.0,0.75,0.75,0.0,0.5773502691896258,0.5773502691896258,0.0,0.6666666666666666,0.6666666666666666,0.0,1.0,1.0,0.0,0.0,0.0,0.0
256,1,25605535,11,0.17810384878908092,0,True,0.0,0.5,0.5,0.0,0.0,0.0,0.0,0.5,0.5,0.0,0.5,0.5,0.0,0.5,0.5,0.0
256,2,25606535,11,0.13297593455032763,0,True,0.0,0.5,0.5,0.0,0.0,0.0,0.0,0.5,0.5,0.0,0.5,0.5,0.0,0.5,0.5,0.0
256,3,25607535,11,0.14021245053900727,0,True,0.0,0.5,0.5,0.0,0.0,0.0,0.0,0.5,0.5,0.0,0.5,0.5,0.0,0.5,0.5,0.0
256,4,25608535,11,0.18390731586668768,0,True,0.25,0.5,0.75,0.25,0.0,0.5773502691896258,0.5773502691896258,0.5,0.6666666666666666,0.16666666666666663,0.5,1.0,0.5,0.5,0.0,-0.5
256,5,25609535,11,0.1641671109938131,0,True,0.0,0.5,0.5,0.0,0.0,0.0,0.0,0.5,0.5,0.0,0.5,0.5,0.0,0.5,0.5,0.0
256,6,25610535,11,0.1322021010107522,0,True,0.0,0.5,0.5,0.0,0.0,0.0,0.0,0.5,0.5,0.0,0.5,0.5,0.0,0.5,0.5,0.0
256,7,25611535,11,0.13407524095856982,0,True,0.0,0.5,0.5,0.0,0.0,0.0,0.0,0.5,0.5,0.0,0.5,0.5,0.0,0.5,0.5,0.0
256,8,25612535,11,0.12106336775450333,0,True,0.0,0.5,0.5,0.0,0.0,0.0,0.0,0.5,0.5,0.0,0.5,0.5,0.0,0.5,0.5,0.0
256,9,25613535,11,0.1792308489441892,0,True,0.0,0.5,0.5,0.0,0.0,0.0,0.0,0.5,0.5,0.0,0.5,0.5,0.0,0.5,0.5,0.0
256,10,25614535,11,0.13533589167975116,0,True,0.0,0.5,0.5,0.0,0.0,0.0,0.0,0.5,0.5,0.0,0.5,0.5,0.0,0.5,0.5,0.0
1024,1,102405535,11,0.18696393975659148,0,True,0.0,0.5,0.5,0.0,0.0,0.0,0.0,0.5,0.5,0.0,0.5,0.5,0.0,0.5,0.5,0.0
1024,2,102406535,11,0.19844417537615303,0,True,0.0,0.5,0.5,0.0,0.0,0.0,0.0,0.5,0.5,0.0,0.5,0.5,0.0,0.5,0.5,0.0
1024,3,102407535,11,0.17267315549208487,0,True,0.0,0.5,0.5,0.0,0.0,0.0,0.0,0.5,0.5,0.0,0.5,0.5,0.0,0.5,0.5,0.0
1024,4,102408535,11,0.17557284949807797,0,True,0.0,0.5,0.5,0.0,0.0,0.0,0.0,0.5,0.5,0.0,0.5,0.5,0.0,0.5,0.5,0.0
1024,5,102409535,11,0.16597910738018826,0,True,0.0,0.5,0.5,0.0,0.0,0.0,0.0,0.5,0.5,0.0,0.5,0.5,0.0,0.5,0.5,0.0
1024,6,102410535,11,0.17938013927768595,0,True,0.0,0.5,0.5,0.0,0.0,0.0,0.0,0.5,0.5,0.0,0.5,0.5,0.0,0.5,0.5,0.0
1024,7,102411535,11,0.14966973129339958,0,True,0.25,0.5,0.75,0.25,0.0,0.5773502691896258,0.5773502691896258,0.5,0.6666666666666666,0.16666666666666663,0.5,1.0,0.5,0.5,0.0,-0.5
1024,8,102412535,11,0.18288549406699323,0,True,0.0,0.5,0.5,0.0,0.0,0.0,0.0,0.5,0.5,0.0,0.5,0.5,0.0,0.5,0.5,0.0
1024,9,102413535,11,0.17385341349819247,0,True,0.0,0.5,0.5,0.0,0.0,0.0,0.0,0.5,0.5,0.0,0.5,0.5,0.0,0.5,0.5,0.0
1024,10,102414535,11,0.16176595054767776,0,True,0.0,0.5,0.5,0.0,0.0,0.0,0.0,0.5,0.5,0.0,0.5,0.5,0.0,0.5,0.5,0.0
256,1,25605536,12,0.1320773741006918,0,True,0.0,0.5,0.5,0.0,0.0,0.0,0.0,0.6666666666666666,0.6666666666666666,0.0,0.0,0.0,0.0,1.0,1.0,0.0
256,2,25606536,12,0.12893701193075513,0,True,0.0,0.5,0.5,0.0,0.0,0.0,0.0,0.6666666666666666,0.6666666666666666,0.0,0.0,0.0,0.0,1.0,1.0,0.0
256,3,25607536,12,0.21865309729768112,0,True,0.0,0.5,0.5,0.0,0.0,0.0,0.0,0.6666666666666666,0.6666666666666666,0.0,0.0,0.0,0.0,1.0,1.0,0.0
256,4,25608536,12,0.1700526992535912,0,True,0.0,0.5,0.5,0.0,0.0,0.0,0.0,0.6666666666666666,0.6666666666666666,0.0,0.0,0.0,0.0,1.0,1.0,0.0
256,5,25609536,12,0.17070703922457323,0,True,0.0,0.5,0.5,0.0,0.0,0.0,0.0,0.6666666666666666,0.6666666666666666,0.0,0.0,0.0,0.0,1.0,1.0,0.0
256,6,25610536,12,0.1812652041406307,0,True,0.0,0.5,0.5,0.0,0.0,0.0,0.0,0.6666666666666666,0.6666666666666666,0.0,0.0,0.0,0.0,1.0,1.0,0.0
256,7,25611536,12,0.1804019345243793,0,True,0.0,0.5,0.5,0.0,0.0,0.0,0.0,0.6666666666666666,0.6666666666666666,0.0,0.0,0.0,0.0,1.0,1.0,0.0
256,8,25612536,12,0.1394428968389897,0,True,0.0,0.5,0.5,0.0,0.0,0.0,0.0,0.6666666666666666,0.6666666666666666,0.0,0.0,0.0,0.0,1.0,1.0,0.0
256,9,25613536,12,0.1740148885612185,0,True,0.0,0.5,0.5,0.0,0.0,0.0,0.0,0.6666666666666666,0.6666666666666666,0.0,0.0,0.0,0.0,1.0,1.0,0.0
256,10,25614536,12,0.1701016694353618,0,True,0.0,0.5,0.5,0.0,0.0,0.0,0.0,0.6666666666666666,0.6666666666666666,0.0,0.0,0.0,0.0,1.0,1.0,0.0
1024,1,102405536,12,0.22694961003029634,0,True,0.0,0.5,0.5,0.0,0.0,0.0,0.0,0.6666666666666666,0.6666666666666666,0.0,0.0,0.0,0.0,1.0,1.0,0.0
1024,2,102406536,12,0.220771515720999,0,True,0.0,0.5,0.5,0.0,0.0,0.0,0.0,0.6666666666666666,0.6666666666666666,0.0,0.0,0.0,0.0,1.0,1.0,0.0
1024,3,102407536,12,0.2289717507866793,0,True,0.0,0.5,0.5,0.0,0.0,0.0,0.0,0.6666666666666666,0.6666666666666666,0.0,0.0,0.0,0.0,1.0,1.0,0.0
1024,4,102408536,12,0.2388547525418305,0,True,0.0,0.5,0.5,0.0,0.0,0.0,0.0,0.6666666666666666,0.6666666666666666,0.0,0.0,0.0,0.0,1.0,1.0,0.0
1024,5,102409536,12,0.19390008447332327,0,True,0.0,0.5,0.5,0.0,0.0,0.0,0.0,0.6666666666666666,0.6666666666666666,0.0,0.0,0.0,0.0,1.0,1.0,0.0
1024,6,102410536,12,0.23881628803923324,0,True,0.0,0.5,0.5,0.0,0.0,0.0,0.0,0.6666666666666666,0.6666666666666666,0.0,0.0,0.0,0.0,1.0,1.0,0.0
1024,7,102411536,12,0.20549231199546797,0,True,0.0,0.5,0.5,0.0,0.0,0.0,0.0,0.6666666666666666,0.6666666666666666,0.0,0.0,0.0,0.0,1.0,1.0,0.0
1024,8,102412536,12,0.19868927120769342,0,True,0.0,0.5,0.5,0.0,0.0,0.0,0.0,0.6666666666666666,0.6666666666666666,0.0,0.0,0.0,0.0,1.0,1.0,0.0
1024,9,102413536,12,0.22960626592836808,0,True,0.0,0.5,0.5,0.0,0.0,0.0,0.0,0.6666666666666666,0.6666666666666666,0.0,0.0,0.0,0.0,1.0,1.0,0.0
1024,10,102414536,12,0.1940594323598057,0,True,0.0,0.5,0.5,0.0,0.0,0.0,0.0,0.6666666666666666,0.6666666666666666,0.0,0.0,0.0,0.0,1.0,1.0,0.0
256,1,25605537,13,0.07920340900674261,0,True,0.0,0.75,0.75,0.0,0.5773502691896258,0.5773502691896258,0.0,0.6666666666666666,0.6666666666666666,0.0,1.0,1.0,0.0,0.0,0.0,0.0
256,2,25606537,13,0.14633297843900311,0,True,0.0,0.75,0.75,0.0,0.5773502691896258,0.5773502691896258,0.0,0.6666666666666666,0.6666666666666666,0.0,1.0,1.0,0.0,0.0,0.0,0.0
256,3,25607537,13,0.0698032877110999,0,True,0.0,0.75,0.75,0.0,0.5773502691896258,0.5773502691896258,0.0,0.6666666666666666,0.6666666666666666,0.0,1.0,1.0,0.0,0.0,0.0,0.0
256,4,25608537,13,0.048382474270201786,0,True,0.0,0.75,0.75,0.0,0.5773502691896258,0.5773502691896258,0.0,0.6666666666666666,0.6666666666666666,0.0,1.0,1.0,0.0,0.0,0.0,0.0
256,5,25609537,13,0.11266710144389355,0,True,0.0,0.75,0.75,0.0,0.5773502691896258,0.5773502691896258,0.0,0.6666666666666666,0.6666666666666666,0.0,1.0,1.0,0.0,0.0,0.0,0.0
256,6,25610537,13,0.10191320873737225,0,True,0.0,0.75,0.75,0.0,0.5773502691896258,0.5773502691896258,0.0,0.6666666666666666,0.6666666666666666,0.0,1.0,1.0,0.0,0.0,0.0,0.0
256,7,25611537,13,0.08636782400373408,0,True,0.0,0.75,0.75,0.0,0.5773502691896258,0.5773502691896258,0.0,0.6666666666666666,0.6666666666666666,0.0,1.0,1.0,0.0,0.0,0.0,0.0
256,8,25612537,13,0.05403841831605113,0,True,0.0,0.75,0.75,0.0,0.5773502691896258,0.5773502691896258,0.0,0.6666666666666666,0.6666666666666666,0.0,1.0,1.0,0.0,0.0,0.0,0.0
256,9,25613537,13,0.1130015341067799,0,True,0.0,0.75,0.75,0.0,0.5773502691896258,0.5773502691896258,0.0,0.6666666666666666,0.6666666666666666,0.0,1.0,1.0,0.0,0.0,0.0,0.0
256,10,25614537,13,0.09360337719641686,0,True,0.0,0.75,0.75,0.0,0.5773502691896258,0.5773502691896258,0.0,0.6666666666666666,0.6666666666666666,0.0,1.0,1.0,0.0,0.0,0.0,0.0
1024,1,102405537,13,0.12641430247967644,0,True,0.0,0.75,0.75,0.0,0.5773502691896258,0.5773502691896258,0.0,0.6666666666666666,0.6666666666666666,0.0,1.0,1.0,0.0,0.0,0.0,0.0
1024,2,102406537,13,0.11337032789015208,0,True,0.0,0.75,0.75,0.0,0.5773502691896258,0.5773502691896258,0.0,0.6666666666666666,0.6666666666666666,0.0,1.0,1.0,0.0,0.0,0.0,0.0
1024,3,102407537,13,0.10677663725062568,0,True,0.0,0.75,0.75,0.0,0.5773502691896258,0.5773502691896258,0.0,0.6666666666666666,0.6666666666666666,0.0,1.0,1.0,0.0,0.0,0.0,0.0
1024,4,102408537,13,0.11173103599883144,0,True,0.0,0.75,0.75,0.0,0.5773502691896258,0.5773502691896258,0.0,0.6666666666666666,0.6666666666666666,0.0,1.0,1.0,0.0,0.0,0.0,0.0
1024,5,102409537,13,0.09284478703060485,0,True,0.0,0.75,0.75,0.0,0.5773502691896258,0.5773502691896258,0.0,0.6666666666666666,0.6666666666666666,0.0,1.0,1.0,0.0,0.0,0.0,0.0
1024,6,102410537,13,0.09170063958879006,0,True,0.0,0.75,0.75,0.0,0.5773502691896258,0.5773502691896258,0.0,0.6666666666666666,0.6666666666666666,0.0,1.0,1.0,0.0,0.0,0.0,0.0
1024,7,102411537,13,0.11610610347237278,0,True,0.0,0.75,0.75,0.0,0.5773502691896258,0.5773502691896258,0.0,0.6666666666666666,0.6666666666666666,0.0,1.0,1.0,0.0,0.0,0.0,0.0
1024,8,102412537,13,0.10788193958624571,0,True,0.0,0.75,0.75,0.0,0.5773502691896258,0.5773502691896258,0.0,0.6666666666666666,0.6666666666666666,0.0,1.0,1.0,0.0,0.0,0.0,0.0
1024,9,102413537,13,0.05845726074665029,0,True,0.0,0.75,0.75,0.0,0.5773502691896258,0.5773502691896258,0.0,0.6666666666666666,0.6666666666666666,0.0,1.0,1.0,0.0,0.0,0.0,0.0
1024,10,102414537,13,0.10335805388235213,0,True,0.0,0.75,0.75,0.0,0.5773502691896258,0.5773502691896258,0.0,0.6666666666666666,0.6666666666666666,0.0,1.0,1.0,0.0,0.0,0.0,0.0
256,1,25605538,14,0.15690892270817688,0,True,0.0,0.5,0.5,0.0,0.0,0.0,0.0,0.0,0.0,0.0,1.0,1.0,0.0,0.0,0.0,0.0
256,2,25606538,14,0.1803403874291647,0,True,0.0,0.5,0.5,0.0,0.0,0.0,0.0,0.0,0.0,0.0,1.0,1.0,0.0,0.0,0.0,0.0
256,3,25607538,14,0.1860954769397645,0,True,0.0,0.5,0.5,0.0,0.0,0.0,0.0,0.0,0.0,0.0,1.0,1.0,0.0,0.0,0.0,0.0
256,4,25608538,14,0.1710388527334697,0,True,0.0,0.5,0.5,0.0,0.0,0.0,0.0,0.0,0.0,0.0,1.0,1.0,0.0,0.0,0.0,0.0
256,5,25609538,14,0.12809901875404037,0,True,0.0,0.5,0.5,0.0,0.0,0.0,0.0,0.0,0.0,0.0,1.0,1.0,0.0,0.0,0.0,0.0
256,6,25610538,14,0.10279887606410978,0,True,0.0,0.5,0.5,0.0,0.0,0.0,0.0,0.0,0.0,0.0,1.0,1.0,0.0,0.0,0.0,0.0
256,7,25611538,14,0.18126849538480427,0,True,0.0,0.5,0.5,0.0,0.0,0.0,0.0,0.0,0.0,0.0,1.0,1.0,0.0,0.0,0.0,0.0
256,8,25612538,14,0.12113160370533824,0,True,0.0,0.5,0.5,0.0,0.0,0.0,0.0,0.0,0.0,0.0,1.0,1.0,0.0,0.0,0.0,0.0
256,9,25613538,14,0.1509257430726557,0,True,0.0,0.5,0.5,0.0,0.0,0.0,0.0,0.0,0.0,0.0,1.0,1.0,0.0,0.0,0.0,0.0
256,10,25614538,14,0.17527216293898493,0,True,0.0,0.5,0.5,0.0,0.0,0.0,0.0,0.0,0.0,0.0,1.0,1.0,0.0,0.0,0.0,0.0
1024,1,102405538,14,0.14996965164767967,0,True,0.0,0.5,0.5,0.0,0.0,0.0,0.0,0.0,0.0,0.0,1.0,1.0,0.0,0.0,0.0,0.0
1024,2,102406538,14,0.18480330796122713,0,True,0.0,0.5,0.5,0.0,0.0,0.0,0.0,0.0,0.0,0.0,1.0,1.0,0.0,0.0,0.0,0.0
1024,3,102407538,14,0.18224048255128497,0,True,0.0,0.5,0.5,0.0,0.0,0.0,0.0,0.0,0.0,0.0,1.0,1.0,0.0,0.0,0.0,0.0
1024,4,102408538,14,0.19675051921914952,0,True,0.0,0.5,0.5,0.0,0.0,0.0,0.0,0.0,0.0,0.0,1.0,1.0,0.0,0.0,0.0,0.0
1024,5,102409538,14,0.17190858407663848,0,True,0.0,0.5,0.5,0.0,0.0,0.0,0.0,0.0,0.0,0.0,1.0,1.0,0.0,0.0,0.0,0.0
1024,6,102410538,14,0.16123008765759497,0,True,0.0,0.5,0.5,0.0,0.0,0.0,0.0,0.0,0.0,0.0,1.0,1.0,0.0,0.0,0.0,0.0
1024,7,102411538,14,0.1766443352834898,0,True,0.0,0.5,0.5,0.0,0.0,0.0,0.0,0.0,0.0,0.0,1.0,1.0,0.0,0.0,0.0,0.0
1024,8,102412538,14,0.16954837935097924,0,True,0.0,0.5,0.5,0.0,0.0,0.0,0.0,0.0,0.0,0.0,1.0,1.0,0.0,0.0,0.0,0.0
1024,9,102413538,14,0.15432253534325052,0,True,0.0,0.5,0.5,0.0,0.0,0.0,0.0,0.0,0.0,0.0,1.0,1.0,0.0,0.0,0.0,0.0
1024,10,102414538,14,0.15330248304073624,0,True,0.0,0.5,0.5,0.0,0.0,0.0,0.0,0.0,0.0,0.0,1.0,1.0,0.0,0.0,0.0,0.0
256,1,25605539,15,0.19304129800644573,0,True,0.0,0.25,0.25,0.0,-0.5773502691896258,-0.5773502691896258,0.0,0.4,0.4,0.0,0.0,0.0,0.0,1.0,1.0,0.0
256,2,25606539,15,0.15710242717047815,0,True,0.0,0.25,0.25,0.0,-0.5773502691896258,-0.5773502691896258,0.0,0.4,0.4,0.0,0.0,0.0,0.0,1.0,1.0,0.0
256,3,25607539,15,0.19447867505504174,0,True,0.0,0.25,0.25,0.0,-0.5773502691896258,-0.5773502691896258,0.0,0.4,0.4,0.0,0.0,0.0,0.0,1.0,1.0,0.0
256,4,25608539,15,0.23001617754836023,0,True,0.0,0.25,0.25,0.0,-0.5773502691896258,-0.5773502691896258,0.0,0.4,0.4,0.0,0.0,0.0,0.0,1.0,1.0,0.0
256,5,25609539,15,0.18802531847839626,0,True,0.0,0.25,0.25,0.0,-0.5773502691896258,-0.5773502691896258,0.0,0.4,0.4,0.0,0.0,0.0,0.0,1.0,1.0,0.0
256,6,25610539,15,0.15153352485782842,0,True,0.0,0.25,0.25,0.0,-0.5773502691896258,-0.5773502691896258,0.0,0.4,0.4,0.0,0.0,0.0,0.0,1.0,1.0,0.0
256,7,25611539,15,0.18363726843432018,0,True,0.0,0.25,0.25,0.0,-0.5773502691896258,-0.5773502691896258,0.0,0.4,0.4,0.0,0.0,0.0,0.0,1.0,1.0,0.0
256,8,25612539,15,0.19332325970498135,0,True,0.25,0.25,0.5,0.25,-0.5773502691896258,0.0,0.5773502691896258,0.4,0.5,0.09999999999999998,0.0,0.5,0.5,1.0,0.5,-0.5
256,9,25613539,15,0.18962555238210865,0,True,0.0,0.25,0.25,0.0,-0.5773502691896258,-0.5773502691896258,0.0,0.4,0.4,0.0,0.0,0.0,0.0,1.0,1.0,0.0
256,10,25614539,15,0.1690222493534014,0,True,0.0,0.25,0.25,0.0,-0.5773502691896258,-0.5773502691896258,0.0,0.4,0.4,0.0,0.0,0.0,0.0,1.0,1.0,0.0
1024,1,102405539,15,0.17940889559261333,0,True,0.0,0.25,0.25,0.0,-0.5773502691896258,-0.5773502691896258,0.0,0.4,0.4,0.0,0.0,0.0,0.0,1.0,1.0,0.0
1024,2,102406539,15,0.18535227103697313,0,True,0.0,0.25,0.25,0.0,-0.5773502691896258,-0.5773502691896258,0.0,0.4,0.4,0.0,0.0,0.0,0.0,1.0,1.0,0.0
1024,3,102407539,15,0.18498581295677646,0,True,0.0,0.25,0.25,0.0,-0.5773502691896258,-0.5773502691896258,0.0,0.4,0.4,0.0,0.0,0.0,0.0,1.0,1.0,0.0
1024,4,102408539,15,0.16522151289740966,0,True,0.0,0.25,0.25,0.0,-0.5773502691896258,-0.5773502691896258,0.0,0.4,0.4,0.0,0.0,0.0,0.0,1.0,1.0,0.0
1024,5,102409539,15,0.16317619078207343,0,True,0.0,0.25,0.25,0.0,-0.5773502691896258,-0.5773502691896258,0.0,0.4,0.4,0.0,0.0,0.0,0.0,1.0,1.0,0.0
1024,6,102410539,15,0.16641271504362048,0,True,0.0,0.25,0.25,0.0,-0.5773502691896258,-0.5773502691896258,0.0,0.4,0.4,0.0,0.0,0.0,0.0,1.0,1.0,0.0
1024,7,102411539,15,0.16611681494751862,0,True,0.0,0.25,0.25,0.0,-0.5773502691896258,-0.5773502691896258,0.0,0.4,0.4,0.0,0.0,0.0,0.0,1.0,1.0,0.0
1024,8,102412539,15,0.15067018401280532,0,True,0.0,0.25,0.25,0.0,-0.5773502691896258,-0.5773502691896258,0.0,0.4,0.4,0.0,0.0,0.0,0.0,1.0,1.0,0.0
1024,9,102413539,15,0.17744278369330818,0,True,0.0,0.25,0.25,0.0,-0.5773502691896258,-0.5773502691896258,0.0,0.4,0.4,0.0,0.0,0.0,0.0,1.0,1.0,0.0
1024,10,102414539,15,0.18827522862371424,0,True,0.0,0.25,0.25,0.0,-0.5773502691896258,-0.5773502691896258,0.0,0.4,0.4,0.0,0.0,0.0,0.0,1.0,1.0,0.0
256,1,25605540,16,0.09065183352038424,0,True,0.25,0.25,0.5,0.25,-0.5773502691896258,0.0,0.5773502691896258,0.0,0.5,0.5,0.5,0.5,0.0,0.5,0.5,0.0
256,2,25606540,16,0.10378030675571175,0,True,0.25,0.25,0.5,0.25,-0.5773502691896258,0.0,0.5773502691896258,0.0,0.5,0.5,0.5,0.5,0.0,0.5,0.5,0.0
256,3,25607540,16,0.09018467501550592,0,True,0.0,0.25,0.25,0.0,-0.5773502691896258,-0.5773502691896258,0.0,0.0,0.0,0.0,0.5,0.5,0.0,0.5,0.5,0.0
256,4,25608540,16,0.12179406756001036,0,True,0.0,0.25,0.25,0.0,-0.5773502691896258,-0.5773502691896258,0.0,0.0,0.0,0.0,0.5,0.5,0.0,0.5,0.5,0.0
256,5,25609540,16,0.10020805453769048,0,True,0.0,0.25,0.25,0.0,-0.5773502691896258,-0.5773502691896258,0.0,0.0,0.0,0.0,0.5,0.5,0.0,0.5,0.5,0.0
256,6,25610540,16,0.14569437939092036,0,True,0.25,0.25,0.5,0.25,-0.5773502691896258,0.0,0.5773502691896258,0.0,0.5,0.5,0.5,0.5,0.0,0.5,0.5,0.0
256,7,25611540,16,0.11178284018790877,0,True,0.0,0.25,0.25,0.0,-0.5773502691896258,-0.5773502691896258,0.0,0.0,0.0,0.0,0.5,0.5,0.0,0.5,0.5,0.0
256,8,25612540,16,0.11706360696164894,0,True,0.0,0.25,0.25,0.0,-0.5773502691896258,-0.5773502691896258,0.0,0.0,0.0,0.0,0.5,0.5,0.0,0.5,0.5,0.0
256,9,25613540,16,0.09592922535634624,0,True,0.5,0.25,0.25,0.0,-0.5773502691896258,-0.5773502691896258,0.0,0.0,0.4,0.4,0.5,0.0,-0.5,0.5,1.0,0.5
256,10,25614540,16,0.1449729330247646,0,True,0.25,0.25,0.5,0.25,-0.5773502691896258,0.0,0.5773502691896258,0.0,0.5,0.5,0.5,0.5,0.0,0.5,0.5,0.0
1024,1,102405540,16,0.14481652390566094,0,True,0.0,0.25,0.25,0.0,-0.5773502691896258,-0.5773502691896258,0.0,0.0,0.0,0.0,0.5,0.5,0.0,0.5,0.5,0.0
1024,2,102406540,16,0.14460521944617147,0,True,0.0,0.25,0.25,0.0,-0.5773502691896258,-0.5773502691896258,0.0,0.0,0.0,0.0,0.5,0.5,0.0,0.5,0.5,0.0
1024,3,102407540,16,0.109936499659779,0,True,0.25,0.25,0.5,0.25,-0.5773502691896258,0.0,0.5773502691896258,0.0,0.5,0.5,0.5,0.5,0.0,0.5,0.5,0.0
1024,4,102408540,16,0.14805977001658627,0,True,0.25,0.25,0.5,0.25,-0.5773502691896258,0.0,0.5773502691896258,0.0,0.5,0.5,0.5,0.5,0.0,0.5,0.5,0.0
1024,5,102409540,16,0.13434208215621324,0,True,0.25,0.25,0.5,0.25,-0.5773502691896258,0.0,0.5773502691896258,0.0,0.5,0.5,0.5,0.5,0.0,0.5,0.5,0.0
1024,6,102410540,16,0.10988976047129716,0,True,0.0,0.25,0.25,0.0,-0.5773502691896258,-0.5773502691896258,0.0,0.0,0.0,0.0,0.5,0.5,0.0,0.5,0.5,0.0
1024,7,102411540,16,0.13126660094282583,0,True,0.0,0.25,0.25,0.0,-0.5773502691896258,-0.5773502691896258,0.0,0.0,0.0,0.0,0.5,0.5,0.0,0.5,0.5,0.0
1024,8,102412540,16,0.14744192956080132,0,True,0.0,0.25,0.25,0.0,-0.5773502691896258,-0.5773502691896258,0.0,0.0,0.0,0.0,0.5,0.5,0.0,0.5,0.5,0.0
1024,9,102413540,16,0.13039513942331576,0,True,0.0,0.25,0.25,0.0,-0.5773502691896258,-0.5773502691896258,0.0,0.0,0.0,0.0,0.5,0.5,0.0,0.5,0.5,0.0
1024,10,102414540,16,0.13602489666150896,0,True,0.25,0.25,0.5,0.25,-0.5773502691896258,0.0,0.5773502691896258,0.0,0.5,0.5,0.5,0.5,0.0,0.5,0.5,0.0
256,1,25605541,17,0.109527129422873,0,True,0.0,0.5,0.5,0.0,0.0,0.0,0.0,0.5,0.5,0.0,0.5,0.5,0.0,0.5,0.5,0.0
256,2,25606541,17,0.13437754046916559,0,True,0.0,0.5,0.5,0.0,0.0,0.0,0.0,0.5,0.5,0.0,0.5,0.5,0.0,0.5,0.5,0.0
256,3,25607541,17,0.05235998040710439,0,True,0.0,0.5,0.5,0.0,0.0,0.0,0.0,0.5,0.5,0.0,0.5,0.5,0.0,0.5,0.5,0.0
256,4,25608541,17,0.13494792818673051,0,True,0.0,0.5,0.5,0.0,0.0,0.0,0.0,0.5,0.5,0.0,0.5,0.5,0.0,0.5,0.5,0.0
256,5,25609541,17,0.10912441926235232,0,True,0.0,0.5,0.5,0.0,0.0,0.0,0.0,0.5,0.5,0.0,0.5,0.5,0.0,0.5,0.5,0.0
256,6,25610541,17,0.08393075228922321,0,True,0.0,0.5,0.5,0.0,0.0,0.0,0.0,0.5,0.5,0.0,0.5,0.5,0.0,0.5,0.5,0.0
256,7,25611541,17,0.10418524492045401,0,True,0.0,0.5,0.5,0.0,0.0,0.0,0.0,0.5,0.5,0.0,0.5,0.5,0.0,0.5,0.5,0.0
256,8,25612541,17,0.05812931732718317,0,True,0.0,0.5,0.5,0.0,0.0,0.0,0.0,0.5,0.5,0.0,0.5,0.5,0.0,0.5,0.5,0.0
256,9,25613541,17,0.12733392541624558,0,True,0.0,0.5,0.5,0.0,0.0,0.0,0.0,0.5,0.5,0.0,0.5,0.5,0.0,0.5,0.5,0.0
256,10,25614541,17,0.1380374056044139,0,True,0.0,0.5,0.5,0.0,0.0,0.0,0.0,0.5,0.5,0.0,0.5,0.5,0.0,0.5,0.5,0.0
1024,1,102405541,17,0.1642840163441878,0,True,0.0,0.5,0.5,0.0,0.0,0.0,0.0,0.5,0.5,0.0,0.5,0.5,0.0,0.5,0.5,0.0
1024,2,102406541,17,0.14042105758571746,0,True,0.0,0.5,0.5,0.0,0.0,0.0,0.0,0.5,0.5,0.0,0.5,0.5,0.0,0.5,0.5,0.0
1024,3,102407541,17,0.1335062150813455,0,True,0.0,0.5,0.5,0.0,0.0,0.0,0.0,0.5,0.5,0.0,0.5,0.5,0.0,0.5,0.5,0.0
1024,4,102408541,17,0.12639254994059643,0,True,0.0,0.5,0.5,0.0,0.0,0.0,0.0,0.5,0.5,0.0,0.5,0.5,0.0,0.5,0.5,0.0
1024,5,102409541,17,0.14698717582297782,0,True,0.0,0.5,0.5,0.0,0.0,0.0,0.0,0.5,0.5,0.0,0.5,0.5,0.0,0.5,0.5,0.0
1024,6,102410541,17,0.10515341150586337,0,True,0.0,0.5,0.5,0.0,0.0,0.0,0.0,0.5,0.5,0.0,0.5,0.5,0.0,0.5,0.5,0.0
1024,7,102411541,17,0.15089209032888276,0,True,0.0,0.5,0.5,0.0,0.0,0.0,0.0,0.5,0.5,0.0,0.5,0.5,0.0,0.5,0.5,0.0
1024,8,102412541,17,0.14465070930884533,0,True,0.0,0.5,0.5,0.0,0.0,0.0,0.0,0.5,0.5,0.0,0.5,0.5,0.0,0.5,0.5,0.0
1024,9,102413541,17,0.15357373104315886,0,True,0.0,0.5,0.5,0.0,0.0,0.0,0.0,0.5,0.5,0.0,0.5,0.5,0.0,0.5,0.5,0.0
1024,10,102414541,17,0.13064238526282207,0,True,0.0,0.5,0.5,0.0,0.0,0.0,0.0,0.5,0.5,0.0,0.5,0.5,0.0,0.5,0.5,0.0
256,1,25605542,18,0.12594945638294316,0,True,0.0,0.5,0.5,0.0,0.0,0.0,0.0,0.0,0.0,0.0,1.0,1.0,0.0,0.0,0.0,0.0
256,2,25606542,18,0.12239904217325999,0,True,0.0,0.5,0.5,0.0,0.0,0.0,0.0,0.0,0.0,0.0,1.0,1.0,0.0,0.0,0.0,0.0
256,3,25607542,18,0.13232611792649107,0,True,0.0,0.5,0.5,0.0,0.0,0.0,0.0,0.0,0.0,0.0,1.0,1.0,0.0,0.0,0.0,0.0
256,4,25608542,18,0.1456442108042483,0,True,0.25,0.5,0.25,-0.25,0.0,-0.5773502691896258,-0.5773502691896258,0.0,0.0,0.0,1.0,0.5,-0.5,0.0,0.5,0.5
256,5,25609542,18,0.0793301836830002,0,True,0.0,0.5,0.5,0.0,0.0,0.0,0.0,0.0,0.0,0.0,1.0,1.0,0.0,0.0,0.0,0.0
256,6,25610542,18,0.10976736138002213,0,True,0.0,0.5,0.5,0.0,0.0,0.0,0.0,0.0,0.0,0.0,1.0,1.0,0.0,0.0,0.0,0.0
256,7,25611542,18,0.10907651628833862,0,True,0.0,0.5,0.5,0.0,0.0,0.0,0.0,0.0,0.0,0.0,1.0,1.0,0.0,0.0,0.0,0.0
256,8,25612542,18,0.16813280279763093,0,True,0.0,0.5,0.5,0.0,0.0,0.0,0.0,0.0,0.0,0.0,1.0,1.0,0.0,0.0,0.0,0.0
256,9,25613542,18,0.17295298549370805,0,True,0.25,0.5,0.25,-0.25,0.0,-0.5773502691896258,-0.5773502691896258,0.0,0.0,0.0,1.0,0.5,-0.5,0.0,0.5,0.5
256,10,25614542,18,0.12268693825259565,0,True,0.25,0.5,0.25,-0.25,0.0,-0.5773502691896258,-0.5773502691896258,0.0,0.0,0.0,1.0,0.5,-0.5,0.0,0.5,0.5
1024,1,102405542,18,0.14868203836739635,0,True,0.0,0.5,0.5,0.0,0.0,0.0,0.0,0.0,0.0,0.0,1.0,1.0,0.0,0.0,0.0,0.0
1024,2,102406542,18,0.1336975512161748,0,True,0.0,0.5,0.5,0.0,0.0,0.0,0.0,0.0,0.0,0.0,1.0,1.0,0.0,0.0,0.0,0.0
1024,3,102407542,18,0.1360616524833638,0,True,0.0,0.5,0.5,0.0,0.0,0.0,0.0,0.0,0.0,0.0,1.0,1.0,0.0,0.0,0.0,0.0
1024,4,102408542,18,0.14594298529819932,0,True,0.0,0.5,0.5,0.0,0.0,0.0,0.0,0.0,0.0,0.0,1.0,1.0,0.0,0.0,0.0,0.0
1024,5,102409542,18,0.12432519376992845,0,True,0.0,0.5,0.5,0.0,0.0,0.0,0.0,0.0,0.0,0.0,1.0,1.0,0.0,0.0,0.0,0.0
1024,6,102410542,18,0.12109536823847807,0,True,0.0,0.5,0.5,0.0,0.0,0.0,0.0,0.0,0.0,0.0,1.0,1.0,0.0,0.0,0.0,0.0
1024,7,102411542,18,0.14719832511976258,0,True,0.0,0.5,0.5,0.0,0.0,0.0,0.0,0.0,0.0,0.0,1.0,1.0,0.0,0.0,0.0,0.0
1024,8,102412542,18,0.15164950064271798,0,True,0.0,0.5,0.5,0.0,0.0,0.0,0.0,0.0,0.0,0.0,1.0,1.0,0.0,0.0,0.0,0.0
1024,9,102413542,18,0.13089646708693226,0,True,0.25,0.5,0.25,-0.25,0.0,-0.5773502691896258,-0.5773502691896258,0.0,0.0,0.0,1.0,0.5,-0.5,0.0,0.5,0.5
1024,10,102414542,18,0.155455612370931,0,True,0.0,0.5,0.5,0.0,0.0,0.0,0.0,0.0,0.0,0.0,1.0,1.0,0.0,0.0,0.0,0.0
256,1,25605543,19,0.10752875783342072,0,True,0.25,0.75,0.5,-0.25,0.5773502691896258,0.0,-0.5773502691896258,0.8,0.5,-0.30000000000000004,0.5,0.5,0.0,0.5,0.5,0.0
256,2,25606543,19,0.14372201638082663,0,True,0.0,0.75,0.75,0.0,0.5773502691896258,0.5773502691896258,0.0,0.8,0.8,0.0,0.5,0.5,0.0,0.5,0.5,0.0
256,3,25607543,19,0.18350616672048686,0,True,0.0,0.75,0.75,0.0,0.5773502691896258,0.5773502691896258,0.0,0.8,0.8,0.0,0.5,0.5,0.0,0.5,0.5,0.0
256,4,25608543,19,0.16455168703335912,0,True,0.25,0.75,0.5,-0.25,0.5773502691896258,0.0,-0.5773502691896258,0.8,0.5,-0.30000000000000004,0.5,0.5,0.0,0.5,0.5,0.0
256,5,25609543,19,0.16535191724995485,0,True,0.25,0.75,0.5,-0.25,0.5773502691896258,0.0,-0.5773502691896258,0.8,0.5,-0.30000000000000004,0.5,0.5,0.0,0.5,0.5,0.0
256,6,25610543,19,0.20397332970125567,0,True,0.0,0.75,0.75,0.0,0.5773502691896258,0.5773502691896258,0.0,0.8,0.8,0.0,0.5,0.5,0.0,0.5,0.5,0.0
256,7,25611543,19,0.19299386418592082,0,True,0.0,0.75,0.75,0.0,0.5773502691896258,0.5773502691896258,0.0,0.8,0.8,0.0,0.5,0.5,0.0,0.5,0.5,0.0
256,8,25612543,19,0.1666618436467555,0,True,0.0,0.75,0.75,0.0,0.5773502691896258,0.5773502691896258,0.0,0.8,0.8,0.0,0.5,0.5,0.0,0.5,0.5,0.0
256,9,25613543,19,0.1600587351622362,0,True,0.25,0.75,0.5,-0.25,0.5773502691896258,0.0,-0.5773502691896258,0.8,0.5,-0.30000000000000004,0.5,0.5,0.0,0.5,0.5,0.0
256,10,25614543,19,0.140655724874445,0,True,0.25,0.75,0.5,-0.25,0.5773502691896258,0.0,-0.5773502691896258,0.8,0.5,-0.30000000000000004,0.5,0.5,0.0,0.5,0.5,0.0
1024,1,102405543,19,0.1515846588899996,0,True,0.0,0.75,0.75,0.0,0.5773502691896258,0.5773502691896258,0.0,0.8,0.8,0.0,0.5,0.5,0.0,0.5,0.5,0.0
1024,2,102406543,19,0.180310338571895,0,True,0.0,0.75,0.75,0.0,0.5773502691896258,0.5773502691896258,0.0,0.8,0.8,0.0,0.5,0.5,0.0,0.5,0.5,0.0
1024,3,102407543,19,0.17860255183901214,0,True,0.0,0.75,0.75,0.0,0.5773502691896258,0.5773502691896258,0.0,0.8,0.8,0.0,0.5,0.5,0.0,0.5,0.5,0.0
1024,4,102408543,19,0.1310006634088141,0,True,0.0,0.75,0.75,0.0,0.5773502691896258,0.5773502691896258,0.0,0.8,0.8,0.0,0.5,0.5,0.0,0.5,0.5,0.0
1024,5,102409543,19,0.1805366861371308,0,True,0.0,0.75,0.75,0.0,0.5773502691896258,0.5773502691896258,0.0,0.8,0.8,0.0,0.5,0.5,0.0,0.5,0.5,0.0
1024,6,102410543,19,0.17693207473032707,0,True,0.25,0.75,0.5,-0.25,0.5773502691896258,0.0,-0.5773502691896258,0.8,0.5,-0.30000000000000004,0.5,0.5,0.0,0.5,0.5,0.0
1024,7,102411543,19,0.196612985703745,0,True,0.0,0.75,0.75,0.0,0.5773502691896258,0.5773502691896258,0.0,0.8,0.8,0.0,0.5,0.5,0.0,0.5,0.5,0.0
1024,8,102412543,19,0.1895950849441002,0,True,0.0,0.75,0.75,0.0,0.5773502691896258,0.5773502691896258,0.0,0.8,0.8,0.0,0.5,0.5,0.0,0.5,0.5,0.0
1024,9,102413543,19,0.16181640446865733,0,True,0.0,0.75,0.75,0.0,0.5773502691896258,0.5773502691896258,0.0,0.8,0.8,0.0,0.5,0.5,0.0,0.5,0.5,0.0
1024,10,102414543,19,0.15433367138650067,0,True,0.25,0.75,0.5,-0.25,0.5773502691896258,0.0,-0.5773502691896258,0.8,0.5,-0.30000000000000004,0.5,0.5,0.0,0.5,0.5,0.0
256,1,25605544,20,0.2000771492641467,0,True,0.0,0.5,0.5,0.0,0.0,0.0,0.0,0.0,0.0,0.0,1.0,1.0,0.0,0.0,0.0,0.0
256,2,25606544,20,0.14642800268747708,0,True,0.0,0.5,0.5,0.0,0.0,0.0,0.0,0.0,0.0,0.0,1.0,1.0,0.0,0.0,0.0,0.0
256,3,25607544,20,0.18780951981111116,0,True,0.0,0.5,0.5,0.0,0.0,0.0,0.0,0.0,0.0,0.0,1.0,1.0,0.0,0.0,0.0,0.0
256,4,25608544,20,0.15351462664069573,0,True,0.0,0.5,0.5,0.0,0.0,0.0,0.0,0.0,0.0,0.0,1.0,1.0,0.0,0.0,0.0,0.0
256,5,25609544,20,0.10716927349090648,0,True,0.0,0.5,0.5,0.0,0.0,0.0,0.0,0.0,0.0,0.0,1.0,1.0,0.0,0.0,0.0,0.0
256,6,25610544,20,0.1459156056053169,0,True,0.0,0.5,0.5,0.0,0.0,0.0,0.0,0.0,0.0,0.0,1.0,1.0,0.0,0.0,0.0,0.0
256,7,25611544,20,0.16476838746919503,0,True,0.0,0.5,0.5,0.0,0.0,0.0,0.0,0.0,0.0,0.0,1.0,1.0,0.0,0.0,0.0,0.0
256,8,25612544,20,0.16047210333425657,0,True,0.0,0.5,0.5,0.0,0.0,0.0,0.0,0.0,0.0,0.0,1.0,1.0,0.0,0.0,0.0,0.0
256,9,25613544,20,0.1599418931672112,0,True,0.0,0.5,0.5,0.0,0.0,0.0,0.0,0.0,0.0,0.0,1.0,1.0,0.0,0.0,0.0,0.0
256,10,25614544,20,0.16662949150913717,0,True,0.0,0.5,0.5,0.0,0.0,0.0,0.0,0.0,0.0,0.0,1.0,1.0,0.0,0.0,0.0,0.0
1024,1,102405544,20,0.14592074932708454,0,True,0.0,0.5,0.5,0.0,0.0,0.0,0.0,0.0,0.0,0.0,1.0,1.0,0.0,0.0,0.0,0.0
1024,2,102406544,20,0.1578629093648802,0,True,0.0,0.5,0.5,0.0,0.0,0.0,0.0,0.0,0.0,0.0,1.0,1.0,0.0,0.0,0.0,0.0
1024,3,102407544,20,0.1817772188595646,0,True,0.0,0.5,0.5,0.0,0.0,0.0,0.0,0.0,0.0,0.0,1.0,1.0,0.0,0.0,0.0,0.0
1024,4,102408544,20,0.16857013520405906,0,True,0.0,0.5,0.5,0.0,0.0,0.0,0.0,0.0,0.0,0.0,1.0,1.0,0.0,0.0,0.0,0.0
1024,5,102409544,20,0.15102072238067546,0,True,0.0,0.5,0.5,0.0,0.0,0.0,0.0,0.0,0.0,0.0,1.0,1.0,0.0,0.0,0.0,0.0
1024,6,102410544,20,0.15689786064972153,0,True,0.0,0.5,0.5,0.0,0.0,0.0,0.0,0.0,0.0,0.0,1.0,1.0,0.0,0.0,0.0,0.0
1024,7,102411544,20,0.1820793810307954,0,True,0.0,0.5,0.5,0.0,0.0,0.0,0.0,0.0,0.0,0.0,1.0,1.0,0.0,0.0,0.0,0.0
1024,8,102412544,20,0.1832869925434855,0,True,0.0,0.5,0.5,0.0,0.0,0.0,0.0,0.0,0.0,0.0,1.0,1.0,0.0,0.0,0.0,0.0
1024,9,102413544,20,0.15477311050185646,0,True,0.0,0.5,0.5,0.0,0.0,0.0,0.0,0.0,0.0,0.0,1.0,1.0,0.0,0.0,0.0,0.0
1024,10,102414544,20,0.16151467169245107,0,True,0.0,0.5,0.5,0.0,0.0,0.0,0.0,0.0,0.0,0.0,1.0,1.0,0.0,0.0,0.0,0.0
