0,1,2,3,4,5,6,7,8,9,10,11,12,13,14,15,16,17,18,19,20,21,22,23,24,25,26,27,28,29,30,31,32,33,34,35,36,37,38,39,40,41,42,43,44,45,46,47,48,49,50,51,52,53,54,55,56,57,58,59,60,61,62,63
1.0,0.1790853692948703,0.17278493709384132,0.09055045892816094,0.039325785810697955,0.12253457868810527,0.20939171354193434,0.23187456764500333,0.34058553589579604,0.06856551204881728,0.32404938910957176,0.11102312099890906,0.07253258265252589,0.595031587474294,0.12022620326077998,0.13481853763198837,0.16254249346761154,0.2597714182330684,0.4125596802907142,0.1373727285891834,0.15394913775905997,0.1017863085602191,0.6187626018576202,0.13252818386196347,0.3904102845976378,0.5136289092198562,0.16534459357723133,0.07512506661795246,0.1633870864984877,0.2424284188411635,0.5187041614177449,0.04074863122868583,0.1808524577215107,0.4546485166665144,0.06473412279759408,0.20335350590031495,0.28656555833273795,0.07369222955825029,0.08086730098093277,0.04690707490329868,0.24622160025981518,0.07961579844073455,0.0858951759801193,0.14962014955948458,0.030367608507622317,0.3356711662469096,0.19926470646346559,0.09078663423091582,0.7027749303135674,0.048904761633028,0.3565591840768065,0.5014578346160494,0.09634719337725414,0.056725758213712056,0.3250921203075458,0.12110072412342626,0.10367740347985724,0.17451559735032857,0.3663773239330836,0.8414486591851787,0.02082207511553249,0.35012163440827077,0.21487210613184132,0.25155390121132476
0.1790853692948703,1.0,0.01814985784014066,0.018153686534481645,0.002102038291695478,0.05456893387716344,0.08953299721972582,0.1527516514710972,0.2850080827891965,0.07274276039178454,0.017809571149460343,0.12420668107637653,0.13626262367156936,0.08053253502580839,0.057113655683633774,0.061260461110349246,0.08379452076181035,0.13983589752019523,0.10586121450713867,0.18150194681446957,0.020463909614988552,0.0041079821916377305,0.10318248634372822,0.02111048261806127,0.09539013828025009,0.04871203874542762,0.047448028007636596,0.13139681924926025,0.19117362273134753,0.061330894023399744,0.04928191946568139,0.04435406822349837,0.08242727794597231,0.009907391643339251,0.010541927972634054,0.034790169816735425,0.02538792860435902,0.043809493612418246,0.034389003409364426,0.18549248757915748,0.009672986926444466,0.01798420228563817,0.0450162781045114,0.05228681291408923,0.021585666808138275,0.37438832363143787,0.007977370739955275,0.1301119628693229,0.09699145163094185,0.0012997819743684057,0.1271531099212089,0.14631447663860536,0.06687345848644989,0.0042457137500533865,0.11849296236978271,0.017638856993381198,0.06032976514735037,0.020806314049236475,0.01646370287437404,0.12416334556516147,0.001520150378811534,0.4036516810778348,0.015993358142861673,0.09709018219102061
0.17278493709384132,0.01814985784014066,1.0,0.031745991084164635,0.1301681082298648,0.0002780692631994692,0.00961195906831838,0.19818895830213287,0.0068013390993276945,0.053718666259832154,0.031805594735873174,0.017372857537643466,0.00828131548503447,0.4533618351804737,0.07584315018371302,0.036982199956560796,0.0007688762499940202,0.03323466898633482,0.3728567814975437,0.05504350883321371,0.007670271632970703,0.18178410182180524,0.19870905065602712,0.034084740759145415,0.29825819789098806,0.034959129578220616,0.030494783733398645,0.00841661547703149,0.009853550848322875,0.00021596571797009162,0.359998341322377,0.000609376043905368,0.37998193855133944,0.023060312427885442,0.009350080483476492,0.3971505664358129,0.04910195315147111,0.02247378650489799,0.00494832317503737,0.0009572941515834394,0.10263729360527143,0.0022831814317626196,0.30570949661711905,0.049764730395119146,0.009181374895343767,0.03201055273380541,0.016585218315618558,0.0014862473912947596,0.37387433238317574,0.01763041547250414,0.09601853291855247,0.055783246160695035,0.0045594725291393644,0.006475574086289535,0.003265935371603895,0.9105505510837419,0.1067517405307308,0.005098676607644504,0.10052558337654391,0.1356141917658569,0.08154956167371542,0.00591331084723481,0.01726952861330841,0.014203755621482694
0.09055045892816094,0.018153686534481645,0.031745991084164635,1.0,0.1148007617132187,0.005922979621086521,0.043551658322683984,0.13156971398750114,0.024930595957618325,0.05164975407049096,0.19175940360740057,0.08344216575934994,0.016782281841556973,0.12382864550154601,0.38054900325018914,0.29098401527907014,0.011235775706401272,0.10943788304700079,0.052572142899414386,0.04039650582121443,0.09376104834180646,0.11466959496081368,0.3342665029588823,0.04325434030732875,0.17461518757800357,0.2040590217355158,0.6168160462304786,5.390140772546331e-06,0.018276539082140844,0.00984397108223988,0.07675139307931357,0.10952944773329931,0.08352594119791698,0.1413823361046122,0.27810353806181143,0.0011657595126747247,0.27513391515865754,0.3406023684497717,0.028582005660554185,0.008506833725683664,0.019811747454358895,0.016176015171860143,0.005160321229951711,0.16735050710557997,0.021272802117444665,0.022867662483579645,0.543070045809545,0.0006796225630896965,0.04430684725615856,0.14992109998688802,0.47053843060435396,0.20424523039685252,0.003766116851644743,0.06915425202154117,0.0004275649122174497,0.014867558937754932,0.08646424125178981,0.20320361953596677,0.025816393969015725,0.013992011511996603,0.05919336469609305,0.00042952560638619293,0.06547211723487788,0.0036194800933693513
0.039325785810697955,0.002102038291695478,0.1301681082298648,0.1148007617132187,1.0,1.966404245244915e-05,0.003512889215727442,0.12355978941749261,0.007268530454165391,0.029884132223529217,0.013680535903258255,0.03812122323687855,0.0038354198183244096,0.0945541255814991,0.17805606469845706,0.13748136678730752,5.161110954129075e-06,0.017550695043554585,0.05624291178548263,0.09173499191854392,0.05083045917433341,0.10898061994569286,0.05747964248416833,0.04678328208901911,0.22248581775261017,0.03227431077273443,0.03814789397934215,0.022040303951681744,0.004252025225977092,0.002195481936983112,0.0910619068673593,0.009379418880494837,0.1800863594249682,0.0089213510580702,0.0010989832571987438,0.027837951676821876,0.12709261392714527,0.05356263737934472,0.009051233542287833,4.869679273116639e-05,0.01872448877812174,0.008188031733830228,0.042984705075440784,0.010740808598699346,0.0336869099715387,0.020775601860593892,0.01340811443572719,0.0005509318390939585,0.04821523936316504,0.20651027565020547,0.07775227806425425,0.027228180542603626,0.004242580426266513,0.012984170346439141,0.0035086414600322053,0.09416549571342206,0.010536951284620108,0.00837867503204415,0.011202828869723291,0.028870704084020805,0.016455136062037464,0.00023920934644346728,0.002785927160630183,0.00038475644467630217
0.12253457868810527,0.05456893387716344,0.0002780692631994692,0.005922979621086521,1.966404245244915e-05,1.0,0.07893105044852293,0.07630001607235463,0.026316475257704613,0.10538108036907562,0.13626428998682666,0.008868686434170152,0.04390642873576897,0.07565941133760824,0.004220132452992374,0.050245176379050294,0.016629167177036767,0.17109611158973265,0.16887558134699399,0.0012564730691673914,0.00042131356447313196,0.0026485276672632793,0.08932283031931479,0.0008600426700559234,0.028214125772991795,0.0413969009181312,0.0004357313848338334,7.73324204826728e-05,0.03064726762971852,0.4535543796421173,0.06816332292646417,0.011551914041762833,0.001935336924965569,0.1041913988273386,0.00028772212957011974,0.012987607846956102,0.032236243779000855,0.0007618169424833055,0.2051787138470248,0.16390210425825635,0.03124171105300935,0.002718975851724802,0.0659992143268687,0.013493182652094291,0.016843870262872887,0.034006027293118204,0.029097705626620875,0.015616880893625328,0.09525534694749806,0.002035224031279798,0.0017072381088145973,0.187518696621004,0.3136662096709634,0.01406226042658101,0.06472061494336269,0.0012496840227031935,0.03688126946806006,0.004760325484356971,0.0038755598529660097,0.04396773903359827,0.01884219444144971,0.0933538520415116,0.059750458631180045,0.6228730134690063
0.20939171354193434,0.08953299721972582,0.00961195906831838,0.043551658322683984,0.003512889215727442,0.07893105044852293,1.0,0.37664326101744655,0.34667370309934753,0.03117459128471433,0.10500784237296196,0.6047443338265345,0.3582818241160918,0.0618506109049888,0.02711020016812157,0.5038034303432375,0.021495698286660956,0.11505918925874978,0.06533519939210314,0.01902470266340227,0.23236420951906114,0.005366614474762244,0.16400274841353538,0.008692903263621838,0.19953238176562688,0.39767137333818037,0.20145413080918403,0.03158478102173433,0.7568476202114856,0.5322435576440621,0.09854677077410173,0.597239819548756,0.070519909241568,0.13021465885861738,0.03467445629032574,0.014568110377727844,0.2899020218141881,0.125070519651396,0.3779326905932589,0.12455113314066256,0.08570844227438075,0.4484047342916218,0.08793551743567946,0.13737271871927487,0.12654957173073886,0.40351559736063297,0.16118466638028806,0.24515432591416386,0.07987164175958646,0.011042857171565612,0.1533659982035928,0.5261168584000248,0.1377551899352042,0.31856210786829875,0.07964949470326646,0.009174342608010354,0.06213015396904501,0.22710475324759188,0.06725057162478486,0.08141821359737932,0.00909544278213616,0.18464647137602855,0.10227920431004749,0.16083290991903
0.23187456764500333,0.1527516514710972,0.19818895830213287,0.13156971398750114,0.12355978941749261,0.07630001607235463,0.37664326101744655,1.0,0.12135324753310234,0.17252123197129962,0.06667874701821737,0.5072645747810323,0.1689110920352849,0.39113292030080243,0.21104566580184012,0.5355381743257837,0.00916177680734027,0.160683296090502,0.4881777817137172,0.10145054208408823,0.17589489586842832,0.1013561308533304,0.33775488983644575,0.05613359166418635,0.6105396942573784,0.12921791499920415,0.2360693491324474,0.06757558938838547,0.3027911157001134,0.13714636725487006,0.44157284893643717,0.20481863167489156,0.4833857102232457,0.015250835791973984,0.05026523923204402,0.14381809378194174,0.2131133583303059,0.28127753642219033,0.15148056431089635,0.03150873989168389,0.13397597735284367,0.2034053532952454,0.37934652329817153,0.17826205517471996,0.13570401622358017,0.29277882497583857,0.03413920145740049,0.07862196690656377,0.34347943333766123,0.05781783324577043,0.228747332682226,0.3400374225694734,0.1498297744310122,0.19006735469815553,0.03218719838039365,0.15676112905955703,0.2801202569356392,0.07859825816814055,0.08893536910208745,0.08194718722943224,0.058003217798583424,0.09199611731309437,0.01845613973124951,0.3398552369008635
0.34058553589579604,0.2850080827891965,0.0068013390993276945,0.024930595957618325,0.007268530454165391,0.026316475257704613,0.34667370309934753,0.12135324753310234,1.0,0.015380784089479894,0.038292762834013894,0.2015289961493007,0.09948074340047748,0.04231105947919899,0.08367191177270797,0.05574103061357945,0.1611918677346716,0.08424986273806724,0.02581669497058489,0.15981505120948733,0.2063527658259756,0.015570539015726496,0.11879418293450396,0.060171908849902894,0.13290501571119465,0.4163837017096282,0.14385550205474698,0.13850144122385766,0.5269018509705595,0.23396693622186662,0.05144429261186932,0.11464036707042145,0.08147343237597524,0.11266009810879077,0.042488676430876726,0.017937526945022673,0.10362559388895196,0.062140206935405645,0.05905994704687056,0.2352579430373357,0.0566171407564969,0.25213967051335806,0.04702352341133747,0.3057157988000198,0.0034548724422239488,0.7290615739254709,0.07626213447629315,0.502693703010747,0.08154977037636052,0.018750538665500593,0.21052836478684234,0.33357647961676795,0.04493150931899393,0.032393517855823326,0.428897074841302,0.01048380713484876,0.0178406984738329,0.27844005949072526,0.15760743791276835,0.32951666908596855,0.003068762910756196,0.6948831811327588,0.1468863221465782,0.04234601924454351
0.06856551204881728,0.07274276039178454,0.053718666259832154,0.05164975407049096,0.029884132223529217,0.10538108036907562,0.03117459128471433,0.17252123197129962,0.015380784089479894,1.0,0.11516700680160083,0.008996904586545416,0.04662374472821245,0.22498998086990402,0.02559397046173366,0.11549051919909765,0.004804769927468547,0.4715227435973247,0.31372659077505577,0.011539311790223192,0.0006897455017659522,0.06350432417767883,0.2930775341719073,0.0005796958597267191,0.1238198183024294,0.03784355760999599,0.034376923709812435,0.0010198847572015282,0.011996266316104575,0.036780586185856556,0.1386070909905736,0.052197630472055105,0.053797917108684964,0.05201012835306799,0.01068836750837476,0.0008375556806946186,0.07513843817057927,0.020693683653368843,0.049862563330390464,0.013881606743945825,0.050454789585821884,0.005528854599847012,0.13203493762341395,0.023213640144531426,0.05796141643913157,0.01594885422337399,0.07288593002590911,0.0008963777325539905,0.09224451216326686,0.03196492477313872,0.09523129741155606,0.16714641071550926,0.11819264318542588,0.012329074426287976,0.002633535394592362,0.023111512983078362,0.8029400266816371,0.0019979082523005343,0.0029496087126391645,0.008507661681927669,0.012951078664209543,0.0126154866684762,0.02448666393881518,0.1867904084578054
0.32404938910957176,0.017809571149460343,0.031805594735873174,0.19175940360740057,0.013680535903258255,0.13626428998682666,0.10500784237296196,0.06667874701821737,0.038292762834013894,0.11516700680160083,1.0,0.018630228805933617,0.0008379840915697164,0.31105355317397915,0.02934826945780252,0.20752585768643678,0.05527712169719146,0.24241766646870866,0.14200797548259006,0.008200947867733809,0.009189259699766509,0.07240806130469944,0.5298868333305728,0.01472506411864688,0.14021861774660035,0.2703609850094207,0.09948297283027294,0.00010738756479734818,0.032602695145668104,0.17636147081933268,0.2496226432203727,0.023804074251041682,0.017024694749835752,0.7357485564617522,0.031013305101045725,0.004828577670117875,0.33203906133705124,0.021456743160512895,0.024588172005292192,0.013920713509483134,0.15754994284887866,0.009668558079805038,0.0037124714902993603,0.019110552212515827,0.07497268437581196,0.03240946692160677,0.5020996200669765,0.006582366963557442,0.19394165519799944,0.0373635961315212,0.17240433609514813,0.3024416627442577,0.04102745742164285,0.009010109122902099,0.029616819415534738,0.011143549417473926,0.06062775695132224,0.049983605303170066,0.04822565552057012,0.10238143107224817,0.008902486325382718,0.02234817434555749,0.14992315771419412,0.09630138640513991
0.11102312099890906,0.12420668107637653,0.017372857537643466,0.08344216575934994,0.03812122323687855,0.008868686434170152,0.6047443338265345,0.5072645747810323,0.2015289961493007,0.008996904586545416,0.018630228805933617,1.0,0.4191481580815589,0.03343979758052122,0.24674294149381482,0.41502525049441974,0.004542403289373078,0.06325184151393407,0.025240122177494224,0.1335827205028334,0.25034677655792564,0.011378668042367195,0.1030850983228648,0.030234812973611396,0.24676570458563213,0.15090959880929622,0.3460455670965062,0.12472480501615817,0.6654081624852579,0.12575608467184385,0.04830554767531253,0.7014240430427836,0.24680140769556028,0.009660765532000366,0.08022200110885941,0.011030170923498075,0.1530303749817525,0.447036177709006,0.1882455594949391,0.04021942444289271,0.03655440518479735,0.43423789178832345,0.08483264796528021,0.042013561940322644,0.3591570510966136,0.44174252083578486,0.040767340000681246,0.181096414869425,0.04276628727923759,0.015259972206348525,0.2206109150694453,0.31390401580932503,0.09262688347979939,0.3189269057837207,0.016654506819854992,0.03286940634094303,0.05056487317892815,0.0452254824050674,0.054263811403252385,0.04421217985855834,0.033637918290333635,0.1040159348693547,0.027190365510080805,0.05638673372504505
0.07253258265252589,0.13626262367156936,0.00828131548503447,0.016782281841556973,0.0038354198183244096,0.04390642873576897,0.3582818241160918,0.1689110920352849,0.09948074340047748,0.04662374472821245,0.0008379840915697164,0.4191481580815589,1.0,0.07330979791172192,0.03183020389811821,0.10562290043699744,0.003421044990900372,0.0700434943001931,0.11138522619273541,0.02904756548214761,0.10485744654273335,7.159959849888862e-05,0.09183861062078116,0.006759039187587022,0.04533991151213991,0.06450791824737503,0.1341192931796798,0.02779688373511501,0.3642388821973858,0.14436234744381715,0.04105605472234079,0.386466235504544,0.025577847991932426,0.0026797616930397984,0.04132360621067408,0.005871557504312492,0.041040157490015286,0.1550604617622077,0.2781509532533644,0.07269927090382622,0.00126844821443577,0.08757382866075121,0.011077919909825897,0.03839711127104577,0.14412497260787607,0.2007917769770299,0.016893445729859756,0.08965196844125257,0.06156836446449739,0.00046588895083489977,0.1129905909874444,0.25612512051599257,0.03508338586808168,0.45368980286192845,0.012182335977043412,0.004766132858098098,0.06816809002172353,0.07674296804626993,0.012885234479498887,0.02376019967064645,0.005569533580078136,0.0866777849365981,0.017745885767262597,0.13218157105514916
0.595031587474294,0.08053253502580839,0.4533618351804737,0.12382864550154601,0.0945541255814991,0.07565941133760824,0.0618506109049888,0.39113292030080243,0.04231105947919899,0.22498998086990402,0.31105355317397915,0.03343979758052122,0.07330979791172192,1.0,0.06732018111815961,0.18900309993258957,0.025493033872802266,0.2467601983773795,0.8289447371264901,0.039455260945686306,0.06377624690354317,0.26124118414744496,0.7139651833579126,0.0629068408524948,0.49387269629182456,0.19998909698122014,0.08960453477611383,0.025556604206324742,0.0129327376073798,0.08154533445306726,0.8229038583317876,0.003032285952129053,0.26560377463536305,0.23001520139228074,0.0576387560763753,0.2926257280016189,0.24877590580267023,0.049560524785928164,0.04022760366613794,0.0084148225128181,0.38315198765393504,0.007117590098813388,0.24383229645194446,0.18197474409035805,0.08873220947852162,0.05985745899845564,0.13738816321583638,0.0007705041103086896,0.836435378869365,0.060049427434872626,0.2523316716410496,0.30866740624898553,0.08260499045879731,0.042381544704450665,0.05846619699567864,0.26406874569654265,0.29295731025340427,0.1023197173560158,0.1882568939514735,0.3562178699520005,0.0594492041614472,0.061615561127770634,0.07101406733756109,0.2957721377153518
0.12022620326077998,0.057113655683633774,0.07584315018371302,0.38054900325018914,0.17805606469845706,0.004220132452992374,0.02711020016812157,0.21104566580184012,0.08367191177270797,0.02559397046173366,0.02934826945780252,0.24674294149381482,0.03183020389811821,0.06732018111815961,1.0,0.15645664774912202,0.009433789891582407,0.07695047694856665,0.03458744317249034,0.6076647522505861,0.18831786558708474,0.09739622281655919,0.17307293995517903,0.31844857949420186,0.2841395182347811,0.14582168005090573,0.5742895933334307,0.06316974652351465,0.03494457939628175,0.012919212359910021,0.058121132785100706,0.16132007248918237,0.4725011494900277,0.03474979839831174,0.19050432430328518,0.01970262860844456,0.1317886519007768,0.583382754388351,0.07066011056110949,0.024565527718960575,0.016165512472715513,0.029533136324201143,0.05612458654697542,0.1154386849105571,0.03591425602849506,0.14111610495404814,0.11651535703647893,0.005709139599109627,0.05204058333097822,0.07457417958011729,0.48022348710979407,0.15324082024265726,0.004691018798343821,0.06625084619941565,0.019925008824894053,0.101588266606236,0.06679596842142661,0.10034993530090501,0.08814048147875095,0.07736759212009188,0.09422093975164608,0.0006486752528577742,0.030704823524675292,0.0015013750862598466
0.13481853763198837,0.061260461110349246,0.036982199956560796,0.29098401527907014,0.13748136678730752,0.050245176379050294,0.5038034303432375,0.5355381743257837,0.05574103061357945,0.11549051919909765,0.20752585768643678,0.41502525049441974,0.10562290043699744,0.18900309993258957,0.15645664774912202,1.0,0.023075161308467568,0.10102957345522501,0.17138317164494948,0.009685603595551666,0.24283379671684352,0.053110027642239786,0.3190278966611026,0.006387504638406524,0.4156446514117305,0.3730921330031806,0.33989252556191024,0.0024657603441131017,0.22450822671463025,0.1743302212088241,0.23646934770133285,0.3729937147169958,0.13354390492631818,0.18589770090405078,0.05489084998856485,0.0034012979912044386,0.6357938787680222,0.2928669863376156,0.12657922736000377,0.018454292144706366,0.08610660243289313,0.26209608411232266,0.08524039636674575,0.11380920531874235,0.2278108803094752,0.0738152131071939,0.2692168637527719,0.011754044484129441,0.10244452166207821,0.08230510955037958,0.22081495041209798,0.36704178064365334,0.07640766300991594,0.18044364503238292,0.0009815117805618428,0.018186013570622443,0.1566913370461331,0.21499407355687072,0.04555143853163007,0.00981634086602482,0.025194771557880077,0.004062174274838804,0.03463145546608887,0.16775183594433019
0.16254249346761154,0.08379452076181035,0.0007688762499940202,0.011235775706401272,5.161110954129075e-06,0.016629167177036767,0.021495698286660956,0.00916177680734027,0.1611918677346716,0.004804769927468547,0.05527712169719146,0.004542403289373078,0.003421044990900372,0.025493033872802266,0.009433789891582407,0.023075161308467568,1.0,0.012363123259675765,0.01128699713832802,0.020021959490127486,0.018958887398987948,0.004197461807298108,0.03036065157272571,0.008909139087172023,0.03649404239565192,0.09288427358333294,0.009634626607851313,0.001358950430153754,0.025735816501276196,0.04205058922259246,0.029904850694124036,0.005385113744792698,0.0068629637079651515,0.11866339547623705,0.00674331281593396,0.016932746519141652,0.04797270650246945,0.0025851868400009605,0.006966942500397184,0.04092815676136066,0.005780720652157737,0.007710762703229948,0.011476781287411088,0.04629893387532542,0.009676695110403196,0.06600928923849549,0.01932975211507493,0.03340888084817535,0.04880047744848627,3.347817565656384e-06,0.021019769042651633,0.03227035508656705,0.003341454813535989,0.012117305507403704,0.46509900322970427,0.0004780717004199028,0.0008294156360303168,0.03872781604926557,0.04532665667595549,0.19364274261442832,0.007476282901897694,0.2458196270561061,0.03610194017373529,0.013709040261500044
0.2597714182330684,0.13983589752019523,0.03323466898633482,0.10943788304700079,0.017550695043554585,0.17109611158973265,0.11505918925874978,0.160683296090502,0.08424986273806724,0.4715227435973247,0.24241766646870866,0.06325184151393407,0.0700434943001931,0.2467601983773795,0.07695047694856665,0.10102957345522501,0.012363123259675765,1.0,0.3101777969607753,0.0682602279912452,0.0022169965391845583,0.008360155189872043,0.5963379948215294,0.005964281158611017,0.04436264053427327,0.08285351466114894,0.1931584628705467,0.0009582016624749843,0.06366584999511364,0.15016864399620172,0.05842575189836444,0.053503402954861244,0.0387856474989742,0.10372387219308343,0.04771743553774593,0.023377302361212354,0.03545070144436556,0.1188158943685409,0.0602793930302759,0.01930956913478654,0.03735152572995783,0.0028363743327448477,0.10153925699274258,0.03338201554798791,0.029893008892120307,0.09523326061804455,0.190484152464344,0.013030287491622387,0.12989241716109012,0.006977752578033438,0.42161516396042464,0.5846687191928177,0.16927426868684403,0.07568016154065786,0.03340791753066071,0.01723185464899749,0.5745948747557993,0.010652097897250343,0.0008227001172609527,0.09638055384835645,0.0011862974205076708,0.06869312582589769,0.1888757737653999,0.23300837087186935
0.4125596802907142,0.10586121450713867,0.3728567814975437,0.052572142899414386,0.05624291178548263,0.16887558134699399,0.06533519939210314,0.4881777817137172,0.02581669497058489,0.31372659077505577,0.14200797548259006,0.025240122177494224,0.11138522619273541,0.8289447371264901,0.03458744317249034,0.17138317164494948,0.01128699713832802,0.3101777969607753,1.0,0.020861493409933825,0.038500441026724314,0.11019982433752394,0.542857133307678,0.01956852464940392,0.3739436662701755,0.10292748565353307,0.05522084430152804,0.01749901112145494,0.010032417701742305,0.12139513204305782,0.6966377144465068,0.0018435073774276352,0.22706821642155173,0.08781592297639913,0.029669456120717266,0.34465513934705927,0.1439119999676797,0.04081644060655509,0.09464558198261769,0.018347945716997074,0.2887212858685083,0.005268827674503583,0.5288477260534115,0.14297380643318372,0.08417340397466923,0.0504585433331534,0.05812304691922456,0.0007379929798577331,0.7158404336187992,0.017250707993258233,0.17184892145285957,0.30224651864316743,0.18706673923041423,0.047243883115261634,0.03927958425872631,0.22637600473866848,0.4033241240114134,0.060700753091155725,0.09436040169686268,0.20381892333916393,0.022884867736116418,0.06574698393901471,0.038624232371076525,0.5353918744415023
0.1373727285891834,0.18150194681446957,0.05504350883321371,0.04039650582121443,0.09173499191854392,0.0012564730691673914,0.01902470266340227,0.10145054208408823,0.15981505120948733,0.011539311790223192,0.008200947867733809,0.1335827205028334,0.02904756548214761,0.039455260945686306,0.6076647522505861,0.009685603595551666,0.020021959490127486,0.0682602279912452,0.020861493409933825,1.0,0.10425746960051914,0.05197758969060575,0.09301244444445526,0.3966604104784889,0.13916673008234476,0.0852302543643856,0.20756508378854632,0.16897187509659575,0.04846180308491138,0.0027675353910394202,0.033400809143395806,0.03411649943557167,0.34143143980573726,0.015588562526299065,0.09439315751798888,0.027189235959984296,0.02677955766354206,0.17195657968292025,0.024350433211536293,0.03621204681898677,0.016260645359007384,0.0234022797784405,0.045075446364322924,0.08518582579684945,0.0003346485629039374,0.23972661101231169,0.01860597196766721,0.0007664994589034923,0.048762701617073516,0.0297873435835517,0.3402931090789089,0.10594183401141517,0.006312774576924024,0.02771578316103154,0.03550310136858851,0.08765361368544206,0.02808691425592235,0.04690802136604279,0.09884731314869322,0.13752185513480542,0.07664955666570164,0.009709251187729404,0.04946230935366096,0.0020761326229246863
0.15394913775905997,0.020463909614988552,0.007670271632970703,0.09376104834180646,0.05083045917433341,0.00042131356447313196,0.23236420951906114,0.17589489586842832,0.2063527658259756,0.0006897455017659522,0.009189259699766509,0.25034677655792564,0.10485744654273335,0.06377624690354317,0.18831786558708474,0.24283379671684352,0.018958887398987948,0.0022169965391845583,0.038500441026724314,0.10425746960051914,1.0,0.024072267190385344,0.08406673631320927,0.1699921510920833,0.34572522595573657,0.4996778255762986,0.11699686542522914,0.06858881358992788,0.2837811936863794,0.04913756050220744,0.06152131047111516,0.17322191038153273,0.17544519672963765,0.08322148920597522,0.006339455089046956,0.017730028315466963,0.3913138495273154,0.09315518239700354,0.02777258523217943,0.007456703588725902,0.003399992681198488,0.6262906187577912,0.0282328890708322,0.3088988271903376,0.025223413421774584,0.3061195617508348,0.06354806787749973,0.1926400277260118,0.07291000497885963,0.06592448403853333,0.09066628622167956,0.10714085620707606,0.004855437537365392,0.05713697787077477,0.05419287731986895,0.01298838263933641,0.0025959411416989855,0.5452925934648056,0.3771423798217014,0.12640420931567922,0.03607746678233824,0.07937988011168436,0.04335565236991494,0.024523070223568835
0.1017863085602191,0.0041079821916377305,0.18178410182180524,0.11466959496081368,0.10898061994569286,0.0026485276672632793,0.005366614474762244,0.1013561308533304,0.015570539015726496,0.06350432417767883,0.07240806130469944,0.011378668042367195,7.159959849888862e-05,0.26124118414744496,0.09739622281655919,0.053110027642239786,0.004197461807298108,0.008360155189872043,0.11019982433752394,0.05197758969060575,0.024072267190385344,1.0,0.15187715769786725,0.07364287984270293,0.21499554887993716,0.08050100677718991,0.051083292251470784,0.0009671896451461763,0.0029386394127899782,0.003153234490562609,0.21143007511888948,0.004220778861112209,0.12383222561668972,0.06915799267203916,0.004226725825651095,0.047551297504359734,0.10810560698786789,0.02737945583025864,0.007501625116177992,8.799221992470782e-05,0.09661535084792422,0.0023157045272380605,0.055690061408977344,0.007104573968890235,0.010609227780486868,0.017617234230937973,0.0415902512899569,0.0007481983956155805,0.1596243831750412,0.34868905205877937,0.08590229038437143,0.026356157272157267,0.0016085752214161318,0.0016377510548341388,0.008871641774754913,0.08805266163354794,0.065605451371376,0.047487442268751644,0.0999828822152701,0.0825890422984056,0.5551904793390811,0.0011911372897073437,0.021956531748011293,0.004200664945594952
0.6187626018576202,0.10318248634372822,0.19870905065602712,0.3342665029588823,0.05747964248416833,0.08932283031931479,0.16400274841353538,0.33775488983644575,0.11879418293450396,0.2930775341719073,0.5298868333305728,0.1030850983228648,0.09183861062078116,0.7139651833579126,0.17307293995517903,0.3190278966611026,0.03036065157272571,0.5963379948215294,0.542857133307678,0.09301244444445526,0.08406673631320927,0.15187715769786725,1.0,0.06857462120794584,0.3259825018630856,0.3454713729213133,0.31415263860516185,0.0145149246352602,0.06590553767275119,0.1347261202649537,0.4374189152563642,0.032918417577319434,0.17206082015766078,0.36350461829144187,0.11982381804418929,0.08898387559759356,0.3203774954562626,0.1707091121608281,0.06602357941180732,0.008040896819268502,0.1460090062443227,0.02722854664072326,0.10673663789552237,0.14416245888457688,0.11765336194937535,0.12328560908446114,0.44300187049819956,0.010499986724869662,0.4780097215346461,0.05633525187920162,0.5957038473654611,0.6535935953245803,0.11493832384519082,0.09424665699154765,0.053352246391878,0.10913290349513621,0.3786386352860312,0.1361154404502788,0.10846428250640465,0.2921072392319752,0.02703749444956468,0.07567968934178508,0.16411370509303705,0.2349990243976433
0.13252818386196347,0.02111048261806127,0.034084740759145415,0.04325434030732875,0.04678328208901911,0.0008600426700559234,0.008692903263621838,0.05613359166418635,0.060171908849902894,0.0005796958597267191,0.01472506411864688,0.030234812973611396,0.006759039187587022,0.0629068408524948,0.31844857949420186,0.006387504638406524,0.008909139087172023,0.005964281158611017,0.01956852464940392,0.3966604104784889,0.1699921510920833,0.07364287984270293,0.06857462120794584,1.0,0.16261886513887505,0.10201651307030828,0.07751510405181912,0.03128968914937339,0.018352884195672,0.0021037864163647537,0.06000494145188467,0.005769038005167705,0.19587730218815055,0.04175592561968702,0.0308467230342255,0.01441492651208885,0.03687379688337098,0.036137675793198654,0.004430472369093088,0.003564043798185568,0.028362379465910942,0.02120885041967355,0.000500633391468582,0.1872443134764063,4.855913695665632e-05,0.09539996115139943,0.017810107722306838,0.024188969645546753,0.07636296444453353,0.08524615257907175,0.13009693073991388,0.03451650738466158,6.130955930865728e-05,0.00663734667406405,0.006374455537827366,0.03442812077682912,0.0024491583559358783,0.08904557149668411,0.26091655635864097,0.17624225130667145,0.11982647859388129,0.007326302636925755,0.054541954752948416,0.0017899679703719629
0.3904102845976378,0.09539013828025009,0.29825819789098806,0.17461518757800357,0.22248581775261017,0.028214125772991795,0.19953238176562688,0.6105396942573784,0.13290501571119465,0.1238198183024294,0.14021861774660035,0.24676570458563213,0.04533991151213991,0.49387269629182456,0.2841395182347811,0.4156446514117305,0.03649404239565192,0.04436264053427327,0.3739436662701755,0.13916673008234476,0.34572522595573657,0.21499554887993716,0.3259825018630856,0.16261886513887505,1.0,0.3866371753154003,0.16922494728967896,0.07041887686526467,0.17426122600362992,0.0423231492615332,0.6674143227714241,0.10363948875948288,0.6183781189591033,0.17227102335723443,0.05386554040111452,0.19266806490289756,0.5049486649171077,0.15180947429007532,0.037792026537600616,0.01846549030177636,0.22950821108670108,0.21143455142331494,0.20436516266058988,0.13734593951883362,0.06989049204536858,0.2549279126399138,0.10357441152083333,0.0671870876146829,0.5031104524160748,0.11819770894603304,0.14229635021258663,0.14301076775215,0.03573793929754576,0.14294724952900628,0.047720740286195246,0.23388995439263766,0.11380588732824909,0.16361489064691143,0.3930875997818721,0.2607240792473205,0.10355380481684592,0.07746840971079792,0.11307093432706278,0.14421264953809657
0.5136289092198562,0.04871203874542762,0.034959129578220616,0.2040590217355158,0.03227431077273443,0.0413969009181312,0.39767137333818037,0.12921791499920415,0.4163837017096282,0.03784355760999599,0.2703609850094207,0.15090959880929622,0.06450791824737503,0.19998909698122014,0.14582168005090573,0.3730921330031806,0.09288427358333294,0.08285351466114894,0.10292748565353307,0.0852302543643856,0.4996778255762986,0.08050100677718991,0.3454713729213133,0.10201651307030828,0.3866371753154003,1.0,0.2688535709133999,0.024977715658118318,0.27295758466172476,0.22939832196820895,0.24022151636867967,0.18359689951360858,0.10000266827127142,0.5749218971024176,0.06786296349905174,0.027392908244669868,0.7168910165808703,0.11458606594935276,0.09237940425162461,0.04010249312733629,0.07946219477368137,0.3028122846376954,0.06602107651697735,0.40916446807961,0.0979598913055762,0.29451103635083287,0.43677173291858595,0.13604371226021506,0.22194949237839967,0.06348956461579766,0.2704096012045975,0.3972709681587534,0.06163197586093942,0.07932479510412996,0.17849874468354604,0.03326906394520028,0.03978297578728988,0.7323157075764288,0.33632314734660385,0.34824152052501833,0.03455857440785184,0.184036713029022,0.1784317306943444,0.08550777812358691
0.16534459357723133,0.047448028007636596,0.030494783733398645,0.6168160462304786,0.03814789397934215,0.0004357313848338334,0.20145413080918403,0.2360693491324474,0.14385550205474698,0.034376923709812435,0.09948297283027294,0.3460455670965062,0.1341192931796798,0.08960453477611383,0.5742895933334307,0.33989252556191024,0.009634626607851313,0.1931584628705467,0.05522084430152804,0.20756508378854632,0.11699686542522914,0.051083292251470784,0.31415263860516185,0.07751510405181912,0.16922494728967896,0.2688535709133999,1.0,0.009976321247871088,0.13772502654770646,0.010856483717177776,0.06174822039486832,0.422761129484594,0.15422402620095102,0.10365316479967047,0.5374486868374043,0.005569422797580208,0.20095467502177375,0.7583208217365679,0.05105888821009242,0.0008682168293610482,0.028376986901327023,0.06667670195937268,0.03991715910219389,0.20945189911600176,0.07258751247919334,0.149714994693399,0.39519940417408966,0.006914479432904751,0.055531250918525496,0.0350619225141362,0.771007442637446,0.4658519438768812,0.03223069126986777,0.27287650526905216,0.008481437751666149,0.026099286094627142,0.11401471811769975,0.21044672865552225,0.033068355591070284,0.05904508187652685,0.037388775389580575,0.01638467210426574,0.1506294321817942,0.018275020923833703
0.07512506661795246,0.13139681924926025,0.00841661547703149,5.390140772546331e-06,0.022040303951681744,7.73324204826728e-05,0.03158478102173433,0.06757558938838547,0.13850144122385766,0.0010198847572015282,0.00010738756479734818,0.12472480501615817,0.02779688373511501,0.025556604206324742,0.06316974652351465,0.0024657603441131017,0.001358950430153754,0.0009582016624749843,0.01749901112145494,0.16897187509659575,0.06858881358992788,0.0009671896451461763,0.0145149246352602,0.03128968914937339,0.07041887686526467,0.024977715658118318,0.009976321247871088,1.0,0.2100007813483773,0.009819479512509662,0.020986942834643488,0.00045231917912083575,0.18910609874833934,0.003213159787224704,0.0008718837915788826,0.004303021079519258,0.003494044185495376,0.00937941112796812,0.013315774531004722,0.030636716267346133,0.0007259416556628015,0.12553096410795922,0.02124079194602309,0.004450983390391707,0.043018498290414646,0.39322005616953354,3.1118602867780065e-06,0.2732095377090387,0.04713111052871072,0.009752064923396316,0.03023254435630636,0.028353872669806213,0.00738014031496198,0.05185100922827242,0.017281341508704917,0.032325314328920295,0.00021547228981171364,0.00257440540731647,0.10169938842263347,0.09427998380913943,0.04329511122366087,0.14289575898876122,0.018883261225123207,0.0077496101773230144
0.1633870864984877,0.19117362273134753,0.009853550848322875,0.018276539082140844,0.004252025225977092,0.03064726762971852,0.7568476202114856,0.3027911157001134,0.5269018509705595,0.011996266316104575,0.032602695145668104,0.6654081624852579,0.3642388821973858,0.0129327376073798,0.03494457939628175,0.22450822671463025,0.025735816501276196,0.06366584999511364,0.010032417701742305,0.04846180308491138,0.2837811936863794,0.0029386394127899782,0.06590553767275119,0.018352884195672,0.17426122600362992,0.27295758466172476,0.13772502654770646,0.2100007813483773,1.0,0.29078237603023244,0.038961554002306074,0.44575269559089,0.1009144646778785,0.04231722969302747,0.019026429116565644,0.01610359936369826,0.14452169410723714,0.09586501993788812,0.2887653922404005,0.18855962901563936,0.08579774370748249,0.5737223310168548,0.10772915418806552,0.08567724584004548,0.082666159257811,0.7539936554892028,0.04813317842572705,0.6211066988655204,0.03591608129771532,0.010484997665167525,0.11266098995956722,0.31859410160376217,0.12098639207446357,0.16842115196619242,0.12472348013133057,0.016918491818521127,0.029155138210016477,0.14047472268558545,0.10120572462634388,0.10634094062605076,0.014027274249925009,0.4070257001396734,0.0518776134036519,0.04719606648487127
0.2424284188411635,0.061330894023399744,0.00021596571797009162,0.00984397108223988,0.002195481936983112,0.4535543796421173,0.5322435576440621,0.13714636725487006,0.23396693622186662,0.036780586185856556,0.17636147081933268,0.12575608467184385,0.14436234744381715,0.08154533445306726,0.012919212359910021,0.1743302212088241,0.04205058922259246,0.15016864399620172,0.12139513204305782,0.0027675353910394202,0.04913756050220744,0.003153234490562609,0.1347261202649537,0.0021037864163647537,0.0423231492615332,0.22939832196820895,0.010856483717177776,0.009819479512509662,0.29078237603023244,1.0,0.09139504884352671,0.10173218598234278,0.004266250113562506,0.2043152365881993,0.002356745064520528,0.021640914870954334,0.11294412961180886,0.0008932640332526718,0.34983715014797384,0.19356155944645675,0.0871869195898079,0.10993499450897604,0.0371022795001581,0.08991538701591323,0.03500641983909092,0.18799389837351724,0.10796186059410981,0.12449830764346231,0.11744014589320532,0.00905247730419171,0.015191720870344599,0.47201869279658865,0.10850857227363896,0.10436617134822009,0.20030288007798075,0.0016639987898304565,0.030463681382583804,0.10366327082184076,0.027391030829791836,0.1039833781011895,0.027156586932427746,0.25407974277285084,0.13971362364048903,0.39818456218143666
0.5187041614177449,0.04928191946568139,0.359998341322377,0.07675139307931357,0.0910619068673593,0.06816332292646417,0.09854677077410173,0.44157284893643717,0.05144429261186932,0.1386070909905736,0.2496226432203727,0.04830554767531253,0.04105605472234079,0.8229038583317876,0.058121132785100706,0.23646934770133285,0.029904850694124036,0.05842575189836444,0.6966377144465068,0.033400809143395806,0.06152131047111516,0.21143007511888948,0.4374189152563642,0.06000494145188467,0.6674143227714241,0.24022151636867967,0.06174822039486832,0.020986942834643488,0.038961554002306074,0.09139504884352671,1.0,0.0022388628160778376,0.2897868932527835,0.24873232223166913,0.024346018687986422,0.34556787167122816,0.3368847978551889,0.038140793826918505,0.054334986580169484,0.019060693290705203,0.6060092630416953,0.009818819738115965,0.27611702386769305,0.11227721132237169,0.06757392019467023,0.09844331458178167,0.08779427269445977,0.011845581110246084,0.8552242543715405,0.06477012441236618,0.12224945864731752,0.18927599638225456,0.07978693803172017,0.03912228859155412,0.07046163771509327,0.2154623733560395,0.14116588850031453,0.08484365496596458,0.3029613348664246,0.3438089392261547,0.0814292424537799,0.07493129238986544,0.06918794304849231,0.3239339190973546
0.04074863122868583,0.04435406822349837,0.000609376043905368,0.10952944773329931,0.009379418880494837,0.011551914041762833,0.597239819548756,0.20481863167489156,0.11464036707042145,0.052197630472055105,0.023804074251041682,0.7014240430427836,0.386466235504544,0.003032285952129053,0.16132007248918237,0.3729937147169958,0.005385113744792698,0.053503402954861244,0.0018435073774276352,0.03411649943557167,0.17322191038153273,0.004220778861112209,0.032918417577319434,0.005769038005167705,0.10363948875948288,0.18359689951360858,0.422761129484594,0.00045231917912083575,0.44575269559089,0.10173218598234278,0.0022388628160778376,1.0,0.06663257276507896,0.019099317121536098,0.14305507247947305,8.71176865342266e-05,0.1538657473098222,0.4462064132552545,0.11633726456089616,0.02526348457603079,0.036485690343720095,0.27048455872043453,0.04999295030520167,0.06302464937849114,0.29758423319061633,0.15885053949337416,0.09159428567273403,0.04872191803691201,0.0024497154278564455,0.003177420219758813,0.18020106551845688,0.24731290743900647,0.0579568815060616,0.59908106970012,0.005190461867137557,0.0021470728165785755,0.0242915995516271,0.14983576950702698,0.009733641105242042,0.009336867177357188,0.006702179454909648,0.020583559868314418,0.06389599070261992,0.004455832528983361
0.1808524577215107,0.08242727794597231,0.37998193855133944,0.08352594119791698,0.1800863594249682,0.001935336924965569,0.070519909241568,0.4833857102232457,0.08147343237597524,0.053797917108684964,0.017024694749835752,0.24680140769556028,0.025577847991932426,0.26560377463536305,0.4725011494900277,0.13354390492631818,0.0068629637079651515,0.0387856474989742,0.22706821642155173,0.34143143980573726,0.17544519672963765,0.12383222561668972,0.17206082015766078,0.19587730218815055,0.6183781189591033,0.10000266827127142,0.15422402620095102,0.18910609874833934,0.1009144646778785,0.004266250113562506,0.2897868932527835,0.06663257276507896,1.0,0.01102360245112783,0.04047122084233237,0.20254433337786226,0.11362191084227634,0.20722990176668002,0.002821485399907408,0.0010069343427657426,0.047940608110452296,0.10135463894250314,0.21409587985411863,0.06645133992918444,0.035190594443034726,0.22724723426128385,0.01856721655401717,0.02254656071508209,0.265092172943467,0.03138656210272852,0.14762403045495323,0.08975200028940926,0.014331640156268836,0.08975521798933855,0.013369463560100145,0.43936062847571133,0.09340080192886442,0.02464943340217893,0.20944265743066265,0.12623615286975368,0.09188516050051282,0.03280811250080588,0.03265365365919484,0.040306526790298336
0.4546485166665144,0.009907391643339251,0.023060312427885442,0.1413823361046122,0.0089213510580702,0.1041913988273386,0.13021465885861738,0.015250835791973984,0.11266009810879077,0.05201012835306799,0.7357485564617522,0.009660765532000366,0.0026797616930397984,0.23001520139228074,0.03474979839831174,0.18589770090405078,0.11866339547623705,0.10372387219308343,0.08781592297639913,0.015588562526299065,0.08322148920597522,0.06915799267203916,0.36350461829144187,0.04175592561968702,0.17227102335723443,0.5749218971024176,0.10365316479967047,0.003213159787224704,0.04231722969302747,0.2043152365881993,0.24873232223166913,0.019099317121536098,0.01102360245112783,1.0,0.042159328544536696,0.007634390096908023,0.5256206725703548,0.014749767203113908,0.07824798491408165,0.01668884289479924,0.21897720128495102,0.03336766438346567,0.05403083889510105,0.10855663973003106,0.101432609373692,0.06154968213400033,0.43689851099718885,0.018393669064603088,0.21719721621331387,0.04057171836121728,0.14167399160633531,0.2636287057464124,0.07463245373580955,0.01257039209463156,0.12357811366687087,0.01813935348072152,0.02851461294867559,0.22341518371227223,0.16016726803645506,0.25821689748679744,0.01508629148839507,0.06451943562215816,0.1354643526394176,0.08798486905557708
0.06473412279759408,0.010541927972634054,0.009350080483476492,0.27810353806181143,0.0010989832571987438,0.00028772212957011974,0.03467445629032574,0.05026523923204402,0.042488676430876726,0.01068836750837476,0.031013305101045725,0.08022200110885941,0.04132360621067408,0.0576387560763753,0.19050432430328518,0.05489084998856485,0.00674331281593396,0.04771743553774593,0.029669456120717266,0.09439315751798888,0.006339455089046956,0.004226725825651095,0.11982381804418929,0.0308467230342255,0.05386554040111452,0.06786296349905174,0.5374486868374043,0.0008718837915788826,0.019026429116565644,0.002356745064520528,0.024346018687986422,0.14305507247947305,0.04047122084233237,0.042159328544536696,1.0,0.0007423287532523323,0.02914467791095205,0.27925225961911454,0.021640395866100854,0.004959657493173212,0.0002294624766643564,0.00362898996720516,0.0006967970905212722,0.2007988119830858,0.05004168486587768,0.030809409021588165,0.20757079730024017,0.0014169835808853066,0.028382349949284152,0.002920030096925089,0.39289213858175015,0.1669142533099847,0.0011694478136384787,0.14314356450532645,0.001547564078173224,0.005085665559801762,0.016148078378454743,0.06878234215755856,0.005982789100102989,0.0331086017114111,0.0012333577912069485,0.0025336216501715804,0.17855755091758999,0.00187724105553199
0.20335350590031495,0.034790169816735425,0.3971505664358129,0.0011657595126747247,0.027837951676821876,0.012987607846956102,0.014568110377727844,0.14381809378194174,0.017937526945022673,0.0008375556806946186,0.004828577670117875,0.011030170923498075,0.005871557504312492,0.2926257280016189,0.01970262860844456,0.0034012979912044386,0.016932746519141652,0.023377302361212354,0.34465513934705927,0.027189235959984296,0.017730028315466963,0.047551297504359734,0.08898387559759356,0.01441492651208885,0.19266806490289756,0.027392908244669868,0.005569422797580208,0.004303021079519258,0.01610359936369826,0.021640914870954334,0.34556787167122816,8.71176865342266e-05,0.20254433337786226,0.007634390096908023,0.0007423287532523323,1.0,0.014556820879786776,0.00414169699558944,0.016455895610893004,0.0031919654312749035,0.18044674602842045,0.010523983199416278,0.4039857767128682,0.030859032809794858,0.010987383960339466,0.06482191649998978,0.0005430933204175446,0.015748621249037,0.5104757495572366,0.009705597119041145,0.03610862719371603,0.05064398085941245,0.03688794308464725,0.00040420496673785396,0.03288540205232447,0.34349476761651887,0.015504165660326402,0.006418862126885257,0.1340082358938514,0.1915253464596814,0.09125262338852488,0.06338094712168282,0.01599799830340703,0.12307304263286871
0.28656555833273795,0.02538792860435902,0.04910195315147111,0.27513391515865754,0.12709261392714527,0.032236243779000855,0.2899020218141881,0.2131133583303059,0.10362559388895196,0.07513843817057927,0.33203906133705124,0.1530303749817525,0.041040157490015286,0.24877590580267023,0.1317886519007768,0.6357938787680222,0.04797270650246945,0.03545070144436556,0.1439119999676797,0.02677955766354206,0.3913138495273154,0.10810560698786789,0.3203774954562626,0.03687379688337098,0.5049486649171077,0.7168910165808703,0.20095467502177375,0.003494044185495376,0.14452169410723714,0.11294412961180886,0.3368847978551889,0.1538657473098222,0.11362191084227634,0.5256206725703548,0.02914467791095205,0.014556820879786776,1.0,0.1161558609609835,0.06568712429355417,0.014982780733663168,0.15647805286470617,0.22784535037253334,0.052616359514835134,0.17289429217954913,0.18189908947135128,0.10593200022109599,0.3766704909603857,0.03122254845852855,0.1937285054173327,0.15741434820855205,0.15871954898655433,0.22694271771059338,0.04104631166319511,0.07907232822788633,0.025087324967712547,0.029323895328396233,0.06134386480681792,0.4656860939548483,0.13853746564867067,0.10229211445322481,0.029752477789279096,0.028483828992264912,0.05203031814518734,0.10027450490585194
0.07369222955825029,0.043809493612418246,0.02247378650489799,0.3406023684497717,0.05356263737934472,0.0007618169424833055,0.125070519651396,0.28127753642219033,0.062140206935405645,0.020693683653368843,0.021456743160512895,0.447036177709006,0.1550604617622077,0.049560524785928164,0.583382754388351,0.2928669863376156,0.0025851868400009605,0.1188158943685409,0.04081644060655509,0.17195657968292025,0.09315518239700354,0.02737945583025864,0.1707091121608281,0.036137675793198654,0.15180947429007532,0.11458606594935276,0.7583208217365679,0.00937941112796812,0.09586501993788812,0.0008932640332526718,0.038140793826918505,0.4462064132552545,0.20722990176668002,0.014749767203113908,0.27925225961911454,0.00414169699558944,0.1161558609609835,1.0,0.028070306270328017,0.0037778682078489904,0.01548620370030863,0.04853654558610462,0.049741747909556926,0.03654297221740018,0.18586633410115538,0.10391622656092399,0.13669715608413022,0.001725654327876144,0.029757066591526635,0.013153481737943841,0.4873069783440221,0.2781348446961923,0.05095979841440993,0.29263121078203497,0.002307892836315594,0.02724248746378202,0.10351159509378283,0.06259891713819346,0.017921084341715306,0.020472898624166992,0.018382250312620134,0.005387353217406165,0.04983458881750603,0.021654116896134317
0.08086730098093277,0.034389003409364426,0.00494832317503737,0.028582005660554185,0.009051233542287833,0.2051787138470248,0.3779326905932589,0.15148056431089635,0.05905994704687056,0.049862563330390464,0.024588172005292192,0.1882455594949391,0.2781509532533644,0.04022760366613794,0.07066011056110949,0.12657922736000377,0.006966942500397184,0.0602793930302759,0.09464558198261769,0.024350433211536293,0.02777258523217943,0.007501625116177992,0.06602357941180732,0.004430472369093088,0.037792026537600616,0.09237940425162461,0.05105888821009242,0.013315774531004722,0.2887653922404005,0.34983715014797384,0.054334986580169484,0.11633726456089616,0.002821485399907408,0.07824798491408165,0.021640395866100854,0.016455895610893004,0.06568712429355417,0.028070306270328017,1.0,0.11628980933685612,0.033791020890150764,0.10270516507224169,0.0914628777276901,2.0578816463644287e-05,0.0935510612279074,0.11502995196133606,0.042450337623961845,0.09393176039986659,0.0522345591642335,0.0014939051463565094,0.05226467853554337,0.19092857114683595,0.28818753932041075,0.10336410326247843,0.01610499868072633,0.0016797027673555124,0.02978244860062848,0.016305778248436157,0.015730041585706685,0.031500356739700905,0.009043950985146938,0.0788649277915259,0.047059669613765794,0.3933160103064568
0.04690707490329868,0.18549248757915748,0.0009572941515834394,0.008506833725683664,4.869679273116639e-05,0.16390210425825635,0.12455113314066256,0.03150873989168389,0.2352579430373357,0.013881606743945825,0.013920713509483134,0.04021942444289271,0.07269927090382622,0.0084148225128181,0.024565527718960575,0.018454292144706366,0.04092815676136066,0.01930956913478654,0.018347945716997074,0.03621204681898677,0.007456703588725902,8.799221992470782e-05,0.008040896819268502,0.003564043798185568,0.01846549030177636,0.04010249312733629,0.0008682168293610482,0.030636716267346133,0.18855962901563936,0.19356155944645675,0.019060693290705203,0.02526348457603079,0.0010069343427657426,0.01668884289479924,0.004959657493173212,0.0031919654312749035,0.014982780733663168,0.0037778682078489904,0.11628980933685612,1.0,0.0008210209600050122,0.018607971138860598,0.005417624113880492,0.01281196006489244,0.0016626130486606754,0.16234940902071893,0.004694083592839349,0.22340594788507318,0.0275930082093772,4.98837236062602e-06,0.0013351417806833727,0.06310957669817832,0.031455597441658,0.0033931789800815313,0.1806817725521247,0.0029353949125725106,0.0022137340720939556,0.014659134570851128,0.012380984715366892,0.02977145591965872,0.004197810593454006,0.4379186516649264,0.008435877820288897,0.0846971671846109
0.24622160025981518,0.009672986926444466,0.10263729360527143,0.019811747454358895,0.01872448877812174,0.03124171105300935,0.08570844227438075,0.13397597735284367,0.0566171407564969,0.050454789585821884,0.15754994284887866,0.03655440518479735,0.00126844821443577,0.38315198765393504,0.016165512472715513,0.08610660243289313,0.005780720652157737,0.03735152572995783,0.2887212858685083,0.016260645359007384,0.003399992681198488,0.09661535084792422,0.1460090062443227,0.028362379465910942,0.22950821108670108,0.07946219477368137,0.028376986901327023,0.0007259416556628015,0.08579774370748249,0.0871869195898079,0.6060092630416953,0.036485690343720095,0.047940608110452296,0.21897720128495102,0.0002294624766643564,0.18044674602842045,0.15647805286470617,0.01548620370030863,0.033791020890150764,0.0008210209600050122,1.0,0.056614391968502355,0.08113398800377132,0.0057997686588147175,0.013310071530835809,0.09536566622298559,0.025291403416692594,0.07270463496742964,0.49342228843961833,0.034857797020437314,0.05166332677740596,0.11664085517839332,0.1376262731397752,0.0021072434450270156,0.042319174091209485,0.045635708729697695,0.05572758597427473,0.002719984290775722,0.17339975360629936,0.1932582128811577,0.04846276990251807,0.05641197040322196,0.008654118081812729,0.17001336104490225
0.07961579844073455,0.01798420228563817,0.0022831814317626196,0.016176015171860143,0.008188031733830228,0.002718975851724802,0.4484047342916218,0.2034053532952454,0.25213967051335806,0.005528854599847012,0.009668558079805038,0.43423789178832345,0.08757382866075121,0.007117590098813388,0.029533136324201143,0.26209608411232266,0.007710762703229948,0.0028363743327448477,0.005268827674503583,0.0234022797784405,0.6262906187577912,0.0023157045272380605,0.02722854664072326,0.02120885041967355,0.21143455142331494,0.3028122846376954,0.06667670195937268,0.12553096410795922,0.5737223310168548,0.10993499450897604,0.009818819738115965,0.27048455872043453,0.10135463894250314,0.03336766438346567,0.00362898996720516,0.010523983199416278,0.22784535037253334,0.04853654558610462,0.10270516507224169,0.018607971138860598,0.056614391968502355,1.0,0.06884882951950397,0.11620735471988432,0.08420995957757296,0.40541954198552765,0.0340665520224629,0.4127544248667562,0.012134009633035474,0.017033478971585674,0.044005088622013286,0.1159513950035081,0.0260030836591146,0.05563050003683108,0.057122252848021304,0.009013847661256427,0.00189997854376692,0.2366642160910554,0.1663848506097336,0.057317839003506336,0.004667925642572419,0.1269662863470028,0.011941492092566584,0.0090611400895815
0.0858951759801193,0.0450162781045114,0.30570949661711905,0.005160321229951711,0.042984705075440784,0.0659992143268687,0.08793551743567946,0.37934652329817153,0.04702352341133747,0.13203493762341395,0.0037124714902993603,0.08483264796528021,0.011077919909825897,0.24383229645194446,0.05612458654697542,0.08524039636674575,0.011476781287411088,0.10153925699274258,0.5288477260534115,0.045075446364322924,0.0282328890708322,0.055690061408977344,0.10673663789552237,0.000500633391468582,0.20436516266058988,0.06602107651697735,0.03991715910219389,0.02124079194602309,0.10772915418806552,0.0371022795001581,0.27611702386769305,0.04999295030520167,0.21409587985411863,0.05403083889510105,0.0006967970905212722,0.4039857767128682,0.052616359514835134,0.049741747909556926,0.0914628777276901,0.005417624113880492,0.08113398800377132,0.06884882951950397,1.0,0.013123590207162469,0.0006799148089738391,0.12523938316135827,0.016911161969773433,0.06248416173229177,0.2363977031348152,0.005797153727240385,0.051048709902625555,0.09633319234861265,0.1382946428809242,0.025013859167452142,0.0025693889229401706,0.25733570358761504,0.1784267374701482,0.0028733393214608388,0.05076719346394047,0.05012790350686529,0.05221315223086395,0.04649088718554395,0.024778342831599794,0.29042570257807426
0.14962014955948458,0.05228681291408923,0.049764730395119146,0.16735050710557997,0.010740808598699346,0.013493182652094291,0.13737271871927487,0.17826205517471996,0.3057157988000198,0.023213640144531426,0.019110552212515827,0.042013561940322644,0.03839711127104577,0.18197474409035805,0.1154386849105571,0.11380920531874235,0.04629893387532542,0.03338201554798791,0.14297380643318372,0.08518582579684945,0.3088988271903376,0.007104573968890235,0.14416245888457688,0.1872443134764063,0.13734593951883362,0.40916446807961,0.20945189911600176,0.004450983390391707,0.08567724584004548,0.08991538701591323,0.11227721132237169,0.06302464937849114,0.06645133992918444,0.10855663973003106,0.2007988119830858,0.030859032809794858,0.17289429217954913,0.03654297221740018,2.0578816463644287e-05,0.01281196006489244,0.0057997686588147175,0.11620735471988432,0.013123590207162469,1.0,0.0005809339598399088,0.1351122470242191,0.18207378428548449,0.046541164279591485,0.13772439563124822,0.028377051443695296,0.1817016304926675,0.17302981153775343,0.00618003263628567,0.0412058288203453,0.09480253303611696,0.021690421396014355,0.04780116458277302,0.6594526723538274,0.10360637254543525,0.09994857665827055,0.02375297717990832,0.09130594787356441,0.0814417907280921,0.05953006790309046
0.030367608507622317,0.021585666808138275,0.009181374895343767,0.021272802117444665,0.0336869099715387,0.016843870262872887,0.12654957173073886,0.13570401622358017,0.0034548724422239488,0.05796141643913157,0.07497268437581196,0.3591570510966136,0.14412497260787607,0.08873220947852162,0.03591425602849506,0.2278108803094752,0.009676695110403196,0.029893008892120307,0.08417340397466923,0.0003346485629039374,0.025223413421774584,0.010609227780486868,0.11765336194937535,4.855913695665632e-05,0.06989049204536858,0.0979598913055762,0.07258751247919334,0.043018498290414646,0.082666159257811,0.03500641983909092,0.06757392019467023,0.29758423319061633,0.035190594443034726,0.101432609373692,0.05004168486587768,0.010987383960339466,0.18189908947135128,0.18586633410115538,0.0935510612279074,0.0016626130486606754,0.013310071530835809,0.08420995957757296,0.0006799148089738391,0.0005809339598399088,1.0,0.009297254062184804,0.11854002111527588,0.0004466773324935401,0.026435785658130373,0.02033787350033827,0.043838451770603935,0.09202586731470336,0.028364569379345055,0.1745455093071926,9.496974922773731e-05,0.005866566022924999,0.041554306420715614,0.03911099877947482,0.010282432472255666,3.500451695933823e-05,0.006476199684718852,0.00016163962288451444,0.014098460545501955,0.057799619894848796
0.3356711662469096,0.37438832363143787,0.03201055273380541,0.022867662483579645,0.020775601860593892,0.034006027293118204,0.40351559736063297,0.29277882497583857,0.7290615739254709,0.01594885422337399,0.03240946692160677,0.44174252083578486,0.2007917769770299,0.05985745899845564,0.14111610495404814,0.0738152131071939,0.06600928923849549,0.09523326061804455,0.0504585433331534,0.23972661101231169,0.3061195617508348,0.017617234230937973,0.12328560908446114,0.09539996115139943,0.2549279126399138,0.29451103635083287,0.149714994693399,0.39322005616953354,0.7539936554892028,0.18799389837351724,0.09844331458178167,0.15885053949337416,0.22724723426128385,0.06154968213400033,0.030809409021588165,0.06482191649998978,0.10593200022109599,0.10391622656092399,0.11502995196133606,0.16234940902071893,0.09536566622298559,0.40541954198552765,0.12523938316135827,0.1351122470242191,0.009297254062184804,1.0,0.035758056352501226,0.6547081908246809,0.12629321076868028,0.020430563803903613,0.20070997060912843,0.30902549369669086,0.08490634121595833,0.08838537526745952,0.24151082269678936,0.046818057470892224,0.03447104305956901,0.13455396636488204,0.236825547693752,0.3015160024056572,0.015836601626111453,0.6267246004872089,0.10114806751228783,0.07721378236202511
0.19926470646346559,0.007977370739955275,0.016585218315618558,0.543070045809545,0.01340811443572719,0.029097705626620875,0.16118466638028806,0.03413920145740049,0.07626213447629315,0.07288593002590911,0.5020996200669765,0.040767340000681246,0.016893445729859756,0.13738816321583638,0.11651535703647893,0.2692168637527719,0.01932975211507493,0.190484152464344,0.05812304691922456,0.01860597196766721,0.06354806787749973,0.0415902512899569,0.44300187049819956,0.017810107722306838,0.10357441152083333,0.43677173291858595,0.39519940417408966,3.1118602867780065e-06,0.04813317842572705,0.10796186059410981,0.08779427269445977,0.09159428567273403,0.01856721655401717,0.43689851099718885,0.20757079730024017,0.0005430933204175446,0.3766704909603857,0.13669715608413022,0.042450337623961845,0.004694083592839349,0.025291403416692594,0.0340665520224629,0.016911161969773433,0.18207378428548449,0.11854002111527588,0.035758056352501226,1.0,0.0042411450783197075,0.06664020956557283,0.03645414350079809,0.39866769950843617,0.40737955664630765,0.049968797373403206,0.06864822178637711,0.004610137592975636,0.008398634499602636,0.06518215443815246,0.3046767481807331,0.030605587250902455,0.0406448856718683,0.01931525225786776,0.007823242456248316,0.35317491570306325,0.03116660792282735
0.09078663423091582,0.1301119628693229,0.0014862473912947596,0.0006796225630896965,0.0005509318390939585,0.015616880893625328,0.24515432591416386,0.07862196690656377,0.502693703010747,0.0008963777325539905,0.006582366963557442,0.181096414869425,0.08965196844125257,0.0007705041103086896,0.005709139599109627,0.011754044484129441,0.03340888084817535,0.013030287491622387,0.0007379929798577331,0.0007664994589034923,0.1926400277260118,0.0007481983956155805,0.010499986724869662,0.024188969645546753,0.0671870876146829,0.13604371226021506,0.006914479432904751,0.2732095377090387,0.6211066988655204,0.12449830764346231,0.011845581110246084,0.04872191803691201,0.02254656071508209,0.018393669064603088,0.0014169835808853066,0.015748621249037,0.03122254845852855,0.001725654327876144,0.09393176039986659,0.22340594788507318,0.07270463496742964,0.4127544248667562,0.06248416173229177,0.046541164279591485,0.0004466773324935401,0.6547081908246809,0.0042411450783197075,1.0,0.010346651211008986,0.005306664009482857,0.009301046050055373,0.0800732586564379,0.054792059994191206,0.03816405696050201,0.24480461946775203,0.002985801152547421,0.0026355337520030334,0.06677702279020022,0.13346632705308567,0.10277601654901122,0.014198064057588607,0.5725437365610533,0.046857593964863664,0.010463202088784184
0.7027749303135674,0.09699145163094185,0.37387433238317574,0.04430684725615856,0.04821523936316504,0.09525534694749806,0.07987164175958646,0.34347943333766123,0.08154977037636052,0.09224451216326686,0.19394165519799944,0.04276628727923759,0.06156836446449739,0.836435378869365,0.05204058333097822,0.10244452166207821,0.04880047744848627,0.12989241716109012,0.7158404336187992,0.048762701617073516,0.07291000497885963,0.1596243831750412,0.4780097215346461,0.07636296444453353,0.5031104524160748,0.22194949237839967,0.055531250918525496,0.04713111052871072,0.03591608129771532,0.11744014589320532,0.8552242543715405,0.0024497154278564455,0.265092172943467,0.21719721621331387,0.028382349949284152,0.5104757495572366,0.1937285054173327,0.029757066591526635,0.0522345591642335,0.0275930082093772,0.49342228843961833,0.012134009633035474,0.2363977031348152,0.13772439563124822,0.026435785658130373,0.12629321076868028,0.06664020956557283,0.010346651211008986,1.0,0.03421407763729746,0.16063651371541737,0.2449440753430985,0.08711430967795539,0.02897250826467381,0.1436718146422249,0.23876394488042524,0.1292261921327241,0.08450133815836257,0.33768883671967576,0.5619248617200878,0.061668514985985266,0.149619502748723,0.10184777933908795,0.3416924528359606
0.048904761633028,0.0012997819743684057,0.01763041547250414,0.14992109998688802,0.20651027565020547,0.002035224031279798,0.011042857171565612,0.05781783324577043,0.018750538665500593,0.03196492477313872,0.0373635961315212,0.015259972206348525,0.00046588895083489977,0.060049427434872626,0.07457417958011729,0.08230510955037958,3.347817565656384e-06,0.006977752578033438,0.017250707993258233,0.0297873435835517,0.06592448403853333,0.34868905205877937,0.05633525187920162,0.08524615257907175,0.11819770894603304,0.06348956461579766,0.0350619225141362,0.009752064923396316,0.010484997665167525,0.00905247730419171,0.06477012441236618,0.003177420219758813,0.03138656210272852,0.04057171836121728,0.002920030096925089,0.009705597119041145,0.15741434820855205,0.013153481737943841,0.0014939051463565094,4.98837236062602e-06,0.034857797020437314,0.017033478971585674,0.005797153727240385,0.028377051443695296,0.02033787350033827,0.020430563803903613,0.03645414350079809,0.005306664009482857,0.03421407763729746,1.0,0.07521290971045419,0.025744740244063816,0.00029095463117204644,0.0025076848488923375,0.0002273263255561367,0.005180141829152467,0.014279541423405985,0.06769898856532051,0.01850460675184208,0.046575067627526084,0.08029687983824597,0.006381396536780169,0.0045553676100819375,0.005089220430595129
0.3565591840768065,0.1271531099212089,0.09601853291855247,0.47053843060435396,0.07775227806425425,0.0017072381088145973,0.1533659982035928,0.228747332682226,0.21052836478684234,0.09523129741155606,0.17240433609514813,0.2206109150694453,0.1129905909874444,0.2523316716410496,0.48022348710979407,0.22081495041209798,0.021019769042651633,0.42161516396042464,0.17184892145285957,0.3402931090789089,0.09066628622167956,0.08590229038437143,0.5957038473654611,0.13009693073991388,0.14229635021258663,0.2704096012045975,0.771007442637446,0.03023254435630636,0.11266098995956722,0.015191720870344599,0.12224945864731752,0.18020106551845688,0.14762403045495323,0.14167399160633531,0.39289213858175015,0.03610862719371603,0.15871954898655433,0.4873069783440221,0.05226467853554337,0.0013351417806833727,0.05166332677740596,0.044005088622013286,0.051048709902625555,0.1817016304926675,0.043838451770603935,0.20070997060912843,0.39866769950843617,0.009301046050055373,0.16063651371541737,0.07521290971045419,1.0,0.6206145879029187,0.06384471442733115,0.14209486570992935,0.024621878832175995,0.06798398135665626,0.21818500002271896,0.16247763256141032,0.05280206738182087,0.18156062737973572,0.05356637558662237,0.04509358291000026,0.14900550897980758,0.0408142212344108
0.5014578346160494,0.14631447663860536,0.055783246160695035,0.20424523039685252,0.027228180542603626,0.187518696621004,0.5261168584000248,0.3400374225694734,0.33357647961676795,0.16714641071550926,0.3024416627442577,0.31390401580932503,0.25612512051599257,0.30866740624898553,0.15324082024265726,0.36704178064365334,0.03227035508656705,0.5846687191928177,0.30224651864316743,0.10594183401141517,0.10714085620707606,0.026356157272157267,0.6535935953245803,0.03451650738466158,0.14301076775215,0.3972709681587534,0.4658519438768812,0.028353872669806213,0.31859410160376217,0.47201869279658865,0.18927599638225456,0.24731290743900647,0.08975200028940926,0.2636287057464124,0.1669142533099847,0.05064398085941245,0.22694271771059338,0.2781348446961923,0.19092857114683595,0.06310957669817832,0.11664085517839332,0.1159513950035081,0.09633319234861265,0.17302981153775343,0.09202586731470336,0.30902549369669086,0.40737955664630765,0.0800732586564379,0.2449440753430985,0.025744740244063816,0.6206145879029187,1.0,0.18106624530135715,0.24344213001953321,0.10770565650311531,0.03490097881381356,0.27427722875830385,0.18933574976887224,0.057720693818721906,0.217636260495012,0.00925251181782448,0.19745120106090494,0.27019506398845117,0.3093028845791823
0.09634719337725414,0.06687345848644989,0.0045594725291393644,0.003766116851644743,0.004242580426266513,0.3136662096709634,0.1377551899352042,0.1498297744310122,0.04493150931899393,0.11819264318542588,0.04102745742164285,0.09262688347979939,0.03508338586808168,0.08260499045879731,0.004691018798343821,0.07640766300991594,0.003341454813535989,0.16927426868684403,0.18706673923041423,0.006312774576924024,0.004855437537365392,0.0016085752214161318,0.11493832384519082,6.130955930865728e-05,0.03573793929754576,0.06163197586093942,0.03223069126986777,0.00738014031496198,0.12098639207446357,0.10850857227363896,0.07978693803172017,0.0579568815060616,0.014331640156268836,0.07463245373580955,0.0011694478136384787,0.03688794308464725,0.04104631166319511,0.05095979841440993,0.28818753932041075,0.031455597441658,0.1376262731397752,0.0260030836591146,0.1382946428809242,0.00618003263628567,0.028364569379345055,0.08490634121595833,0.049968797373403206,0.054792059994191206,0.08711430967795539,0.00029095463117204644,0.06384471442733115,0.18106624530135715,1.0,0.0493412796584902,0.007729924967412257,0.0008247022151870973,0.09587761082719158,0.0044892178475119384,0.011827791353938086,0.043960121212212155,0.014422921445082717,0.05186368990374002,0.04112678574205254,0.5408716606454551
0.056725758213712056,0.0042457137500533865,0.006475574086289535,0.06915425202154117,0.012984170346439141,0.01406226042658101,0.31856210786829875,0.19006735469815553,0.032393517855823326,0.012329074426287976,0.009010109122902099,0.3189269057837207,0.45368980286192845,0.042381544704450665,0.06625084619941565,0.18044364503238292,0.012117305507403704,0.07568016154065786,0.047243883115261634,0.02771578316103154,0.05713697787077477,0.0016377510548341388,0.09424665699154765,0.00663734667406405,0.14294724952900628,0.07932479510412996,0.27287650526905216,0.05185100922827242,0.16842115196619242,0.10436617134822009,0.03912228859155412,0.59908106970012,0.08975521798933855,0.01257039209463156,0.14314356450532645,0.00040420496673785396,0.07907232822788633,0.29263121078203497,0.10336410326247843,0.0033931789800815313,0.0021072434450270156,0.05563050003683108,0.025013859167452142,0.0412058288203453,0.1745455093071926,0.08838537526745952,0.06864822178637711,0.03816405696050201,0.02897250826467381,0.0025076848488923375,0.14209486570992935,0.24344213001953321,0.0493412796584902,1.0,0.004391683710275577,0.008072236657169937,0.035516845120147605,0.06604155459111394,0.01111095961325113,0.014034404571126272,5.186745581560755e-05,0.016253323080590305,0.10712090169552282,0.06054959891413602
0.3250921203075458,0.11849296236978271,0.003265935371603895,0.0004275649122174497,0.0035086414600322053,0.06472061494336269,0.07964949470326646,0.03218719838039365,0.428897074841302,0.002633535394592362,0.029616819415534738,0.016654506819854992,0.012182335977043412,0.05846619699567864,0.019925008824894053,0.0009815117805618428,0.46509900322970427,0.03340791753066071,0.03927958425872631,0.03550310136858851,0.05419287731986895,0.008871641774754913,0.053352246391878,0.006374455537827366,0.047720740286195246,0.17849874468354604,0.008481437751666149,0.017281341508704917,0.12472348013133057,0.20030288007798075,0.07046163771509327,0.005190461867137557,0.013369463560100145,0.12357811366687087,0.001547564078173224,0.03288540205232447,0.025087324967712547,0.002307892836315594,0.01610499868072633,0.1806817725521247,0.042319174091209485,0.057122252848021304,0.0025693889229401706,0.09480253303611696,9.496974922773731e-05,0.24151082269678936,0.004610137592975636,0.24480461946775203,0.1436718146422249,0.0002273263255561367,0.024621878832175995,0.10770565650311531,0.007729924967412257,0.004391683710275577,1.0,0.00025366442154616903,0.0023209325730451755,0.07330028784908635,0.13043985487150858,0.39123281501127655,0.027236770811611147,0.6499094630342026,0.12499674915219461,0.055444829528444026
0.12110072412342626,0.017638856993381198,0.9105505510837419,0.014867558937754932,0.09416549571342206,0.0012496840227031935,0.009174342608010354,0.15676112905955703,0.01048380713484876,0.023111512983078362,0.011143549417473926,0.03286940634094303,0.004766132858098098,0.26406874569654265,0.101588266606236,0.018186013570622443,0.0004780717004199028,0.01723185464899749,0.22637600473866848,0.08765361368544206,0.01298838263933641,0.08805266163354794,0.10913290349513621,0.03442812077682912,0.23388995439263766,0.03326906394520028,0.026099286094627142,0.032325314328920295,0.016918491818521127,0.0016639987898304565,0.2154623733560395,0.0021470728165785755,0.43936062847571133,0.01813935348072152,0.005085665559801762,0.34349476761651887,0.029323895328396233,0.02724248746378202,0.0016797027673555124,0.0029353949125725106,0.045635708729697695,0.009013847661256427,0.25733570358761504,0.021690421396014355,0.005866566022924999,0.046818057470892224,0.008398634499602636,0.002985801152547421,0.23876394488042524,0.005180141829152467,0.06798398135665626,0.03490097881381356,0.0008247022151870973,0.008072236657169937,0.00025366442154616903,1.0,0.060877265957261534,0.00019500277349432263,0.10893809728452977,0.11551291548558754,0.05730195528011399,0.007153440545093663,0.019217368499151722,0.00450854156753118
0.10367740347985724,0.06032976514735037,0.1067517405307308,0.08646424125178981,0.010536951284620108,0.03688126946806006,0.06213015396904501,0.2801202569356392,0.0178406984738329,0.8029400266816371,0.06062775695132224,0.05056487317892815,0.06816809002172353,0.29295731025340427,0.06679596842142661,0.1566913370461331,0.0008294156360303168,0.5745948747557993,0.4033241240114134,0.02808691425592235,0.0025959411416989855,0.065605451371376,0.3786386352860312,0.0024491583559358783,0.11380588732824909,0.03978297578728988,0.11401471811769975,0.00021547228981171364,0.029155138210016477,0.030463681382583804,0.14116588850031453,0.0242915995516271,0.09340080192886442,0.02851461294867559,0.016148078378454743,0.015504165660326402,0.06134386480681792,0.10351159509378283,0.02978244860062848,0.0022137340720939556,0.05572758597427473,0.00189997854376692,0.1784267374701482,0.04780116458277302,0.041554306420715614,0.03447104305956901,0.06518215443815246,0.0026355337520030334,0.1292261921327241,0.014279541423405985,0.21818500002271896,0.27427722875830385,0.09587761082719158,0.035516845120147605,0.0023209325730451755,0.060877265957261534,1.0,0.006070271696690816,0.006470364352750537,0.022860473686471146,0.010756351964637511,0.011074066680354239,0.03212723252083406,0.1401337899305556
0.17451559735032857,0.020806314049236475,0.005098676607644504,0.20320361953596677,0.00837867503204415,0.004760325484356971,0.22710475324759188,0.07859825816814055,0.27844005949072526,0.0019979082523005343,0.049983605303170066,0.0452254824050674,0.07674296804626993,0.1023197173560158,0.10034993530090501,0.21499407355687072,0.03872781604926557,0.010652097897250343,0.060700753091155725,0.04690802136604279,0.5452925934648056,0.047487442268751644,0.1361154404502788,0.08904557149668411,0.16361489064691143,0.7323157075764288,0.21044672865552225,0.00257440540731647,0.14047472268558545,0.10366327082184076,0.08484365496596458,0.14983576950702698,0.02464943340217893,0.22341518371227223,0.06878234215755856,0.006418862126885257,0.4656860939548483,0.06259891713819346,0.016305778248436157,0.014659134570851128,0.002719984290775722,0.2366642160910554,0.0028733393214608388,0.6594526723538274,0.03911099877947482,0.13455396636488204,0.3046767481807331,0.06677702279020022,0.08450133815836257,0.06769898856532051,0.16247763256141032,0.18933574976887224,0.0044892178475119384,0.06604155459111394,0.07330028784908635,0.00019500277349432263,0.006070271696690816,1.0,0.16388645309943578,0.10759248306481589,0.04874865122570249,0.07033614394198745,0.06905907489721401,0.03049582191560083
0.3663773239330836,0.01646370287437404,0.10052558337654391,0.025816393969015725,0.011202828869723291,0.0038755598529660097,0.06725057162478486,0.08893536910208745,0.15760743791276835,0.0029496087126391645,0.04822565552057012,0.054263811403252385,0.012885234479498887,0.1882568939514735,0.08814048147875095,0.04555143853163007,0.04532665667595549,0.0008227001172609527,0.09436040169686268,0.09884731314869322,0.3771423798217014,0.0999828822152701,0.10846428250640465,0.26091655635864097,0.3930875997818721,0.33632314734660385,0.033068355591070284,0.10169938842263347,0.10120572462634388,0.027391030829791836,0.3029613348664246,0.009733641105242042,0.20944265743066265,0.16016726803645506,0.005982789100102989,0.1340082358938514,0.13853746564867067,0.017921084341715306,0.015730041585706685,0.012380984715366892,0.17339975360629936,0.1663848506097336,0.05076719346394047,0.10360637254543525,0.010282432472255666,0.236825547693752,0.030605587250902455,0.13346632705308567,0.33768883671967576,0.01850460675184208,0.05280206738182087,0.057720693818721906,0.011827791353938086,0.01111095961325113,0.13043985487150858,0.10893809728452977,0.006470364352750537,0.16388645309943578,1.0,0.5132288902886448,0.09139082373731372,0.1178954184074474,0.12846821086953192,0.03831814742847809
0.8414486591851787,0.12416334556516147,0.1356141917658569,0.013992011511996603,0.028870704084020805,0.04396773903359827,0.08141821359737932,0.08194718722943224,0.32951666908596855,0.008507661681927669,0.10238143107224817,0.04421217985855834,0.02376019967064645,0.3562178699520005,0.07736759212009188,0.00981634086602482,0.19364274261442832,0.09638055384835645,0.20381892333916393,0.13752185513480542,0.12640420931567922,0.0825890422984056,0.2921072392319752,0.17624225130667145,0.2607240792473205,0.34824152052501833,0.05904508187652685,0.09427998380913943,0.10634094062605076,0.1039833781011895,0.3438089392261547,0.009336867177357188,0.12623615286975368,0.25821689748679744,0.0331086017114111,0.1915253464596814,0.10229211445322481,0.020472898624166992,0.031500356739700905,0.02977145591965872,0.1932582128811577,0.057317839003506336,0.05012790350686529,0.09994857665827055,3.500451695933823e-05,0.3015160024056572,0.0406448856718683,0.10277601654901122,0.5619248617200878,0.046575067627526084,0.18156062737973572,0.217636260495012,0.043960121212212155,0.014034404571126272,0.39123281501127655,0.11551291548558754,0.022860473686471146,0.10759248306481589,0.5132288902886448,1.0,0.03203967619544096,0.3600736812498547,0.25942831896088214,0.10184940485014879
0.02082207511553249,0.001520150378811534,0.08154956167371542,0.05919336469609305,0.016455136062037464,0.01884219444144971,0.00909544278213616,0.058003217798583424,0.003068762910756196,0.012951078664209543,0.008902486325382718,0.033637918290333635,0.005569533580078136,0.0594492041614472,0.09422093975164608,0.025194771557880077,0.007476282901897694,0.0011862974205076708,0.022884867736116418,0.07664955666570164,0.03607746678233824,0.5551904793390811,0.02703749444956468,0.11982647859388129,0.10355380481684592,0.03455857440785184,0.037388775389580575,0.04329511122366087,0.014027274249925009,0.027156586932427746,0.0814292424537799,0.006702179454909648,0.09188516050051282,0.01508629148839507,0.0012333577912069485,0.09125262338852488,0.029752477789279096,0.018382250312620134,0.009043950985146938,0.004197810593454006,0.04846276990251807,0.004667925642572419,0.05221315223086395,0.02375297717990832,0.006476199684718852,0.015836601626111453,0.01931525225786776,0.014198064057588607,0.061668514985985266,0.08029687983824597,0.05356637558662237,0.00925251181782448,0.014422921445082717,5.186745581560755e-05,0.027236770811611147,0.05730195528011399,0.010756351964637511,0.04874865122570249,0.09139082373731372,0.03203967619544096,1.0,0.007349840225308021,0.012157551524411774,0.010057656273119914
0.35012163440827077,0.4036516810778348,0.00591331084723481,0.00042952560638619293,0.00023920934644346728,0.0933538520415116,0.18464647137602855,0.09199611731309437,0.6948831811327588,0.0126154866684762,0.02234817434555749,0.1040159348693547,0.0866777849365981,0.061615561127770634,0.0006486752528577742,0.004062174274838804,0.2458196270561061,0.06869312582589769,0.06574698393901471,0.009709251187729404,0.07937988011168436,0.0011911372897073437,0.07567968934178508,0.007326302636925755,0.07746840971079792,0.184036713029022,0.01638467210426574,0.14289575898876122,0.4070257001396734,0.25407974277285084,0.07493129238986544,0.020583559868314418,0.03280811250080588,0.06451943562215816,0.0025336216501715804,0.06338094712168282,0.028483828992264912,0.005387353217406165,0.0788649277915259,0.4379186516649264,0.05641197040322196,0.1269662863470028,0.04649088718554395,0.09130594787356441,0.00016163962288451444,0.6267246004872089,0.007823242456248316,0.5725437365610533,0.149619502748723,0.006381396536780169,0.04509358291000026,0.19745120106090494,0.05186368990374002,0.016253323080590305,0.6499094630342026,0.007153440545093663,0.011074066680354239,0.07033614394198745,0.1178954184074474,0.3600736812498547,0.007349840225308021,1.0,0.11147009122622491,0.1175998746650833
0.21487210613184132,0.015993358142861673,0.01726952861330841,0.06547211723487788,0.002785927160630183,0.059750458631180045,0.10227920431004749,0.01845613973124951,0.1468863221465782,0.02448666393881518,0.14992315771419412,0.027190365510080805,0.017745885767262597,0.07101406733756109,0.030704823524675292,0.03463145546608887,0.03610194017373529,0.1888757737653999,0.038624232371076525,0.04946230935366096,0.04335565236991494,0.021956531748011293,0.16411370509303705,0.054541954752948416,0.11307093432706278,0.1784317306943444,0.1506294321817942,0.018883261225123207,0.0518776134036519,0.13971362364048903,0.06918794304849231,0.06389599070261992,0.03265365365919484,0.1354643526394176,0.17855755091758999,0.01599799830340703,0.05203031814518734,0.04983458881750603,0.047059669613765794,0.008435877820288897,0.008654118081812729,0.011941492092566584,0.024778342831599794,0.0814417907280921,0.014098460545501955,0.10114806751228783,0.35317491570306325,0.046857593964863664,0.10184777933908795,0.0045553676100819375,0.14900550897980758,0.27019506398845117,0.04112678574205254,0.10712090169552282,0.12499674915219461,0.019217368499151722,0.03212723252083406,0.06905907489721401,0.12846821086953192,0.25942831896088214,0.012157551524411774,0.11147009122622491,1.0,0.03340192363619143
0.25155390121132476,0.09709018219102061,0.014203755621482694,0.0036194800933693513,0.00038475644467630217,0.6228730134690063,0.16083290991903,0.3398552369008635,0.04234601924454351,0.1867904084578054,0.09630138640513991,0.05638673372504505,0.13218157105514916,0.2957721377153518,0.0015013750862598466,0.16775183594433019,0.013709040261500044,0.23300837087186935,0.5353918744415023,0.0020761326229246863,0.024523070223568835,0.004200664945594952,0.2349990243976433,0.0017899679703719629,0.14421264953809657,0.08550777812358691,0.018275020923833703,0.0077496101773230144,0.04719606648487127,0.39818456218143666,0.3239339190973546,0.004455832528983361,0.040306526790298336,0.08798486905557708,0.00187724105553199,0.12307304263286871,0.10027450490585194,0.021654116896134317,0.3933160103064568,0.0846971671846109,0.17001336104490225,0.0090611400895815,0.29042570257807426,0.05953006790309046,0.057799619894848796,0.07721378236202511,0.03116660792282735,0.010463202088784184,0.3416924528359606,0.005089220430595129,0.0408142212344108,0.3093028845791823,0.5408716606454551,0.06054959891413602,0.055444829528444026,0.00450854156753118,0.1401337899305556,0.03049582191560083,0.03831814742847809,0.10184940485014879,0.010057656273119914,0.1175998746650833,0.03340192363619143,1.0
